,CODDEPTO,DEPARTAMENTO,CODMPIO,MUNICIPIO,2001,2002,2003,2004,2005,2006,2007,2008,2009,2010,2011,2012,2013,2014,2015,2016,2017,2018,2019,2020,2021,2022,Categoría
0,91,AMAZONAS,91263,EL ENCANTO ,191.82,264.0,164.0,270.0,382.0,233.0,186.0,349.0,109.0,81.0,35.0,16.0,8.0,20.0,11.77,12.65,8.04,4.12,2.52,0.0,0.0,0.0,Cultivo intermintente
1,91,AMAZONAS,91405,LA CHORRERA ,65.0,236.0,209.0,271.0,257.0,223.0,132.0,349.0,81.0,113.0,36.0,22.0,25.0,51.0,13.61,14.09,18.2,6.04,3.16,0.0,0.0,0.0,Cultivo intermintente
2,91,AMAZONAS,91407,LA PEDRERA ,0.0,0.0,0.0,0.0,0.0,0.0,0.0,0.0,7.0,12.0,0.0,1.0,0.0,0.0,0.0,0.0,0.0,0.0,0.0,0.0,0.0,0.0,Cultivo abandonado
3,91,AMAZONAS,91430,LA VICTORIA  ,0.0,0.0,0.0,0.0,0.0,0.0,0.0,0.0,2.0,10.0,0.0,0.0,0.0,0.0,0.0,0.0,0.0,0.0,0.0,0.0,0.0,0.0,Cultivo abandonado
4,91,AMAZONAS,91460,MIRITÍ-PARANÁ  ,6.0,43.0,36.18,30.0,12.0,4.0,9.0,2.0,4.0,15.0,0.0,5.0,0.0,0.0,0.0,0.0,0.0,0.0,0.0,0.0,0.0,0.0,Cultivo abandonado
5,91,AMAZONAS,91530,PUERTO ALEGRÍA ,212.34,195.0,173.0,174.0,210.0,202.0,165.0,95.0,53.0,73.0,44.0,54.0,76.0,102.0,85.79,140.03,139.38,111.49,118.96,61.45,72.76,103.39,Cultivo permanente
6,91,AMAZONAS,91536,PUERTO ARICA ,0.0,1.0,6.36,0.0,0.0,0.0,0.0,0.0,0.0,0.0,0.0,0.0,0.0,0.0,0.0,0.0,0.0,0.0,0.0,0.0,0.0,0.0,Cultivo abandonado
7,91,AMAZONAS,91669,SANTANDER  ,33.0,44.0,36.72,38.0,36.0,30.0,49.0,41.0,22.0,34.0,7.0,0.0,1.0,0.0,0.0,0.0,0.0,0.0,0.0,0.0,0.0,0.0,Cultivo abandonado
8,5,ANTIOQUIA,5031,AMALFI,36.61,110.0,74.0,173.0,210.0,342.0,246.0,151.0,108.0,103.0,29.0,170.0,48.0,40.0,28.36,130.81,197.94,205.61,191.08,209.8,475.39,404.95,Cultivo permanente
9,5,ANTIOQUIA,5040,ANORÍ,201.25,369.0,613.71,753.0,759.0,836.0,533.0,787.0,239.0,526.0,208.0,361.0,107.0,199.0,256.05,661.7,1312.28,969.49,768.35,1088.88,1737.4,1540.74,Cultivo permanente
10,5,ANTIOQUIA,5045,APARTADÓ,0.0,0.0,0.0,0.0,0.0,0.0,0.0,10.0,21.0,70.0,0.0,19.0,5.0,6.0,8.9,9.48,7.93,1.51,7.26,5.69,1.86,3.35,Cultivo permanente
11,5,ANTIOQUIA,5055,ARGELIA,0.0,0.0,4.0,21.0,21.0,15.0,2.0,1.0,3.0,9.0,42.0,5.0,2.0,0.0,0.0,0.0,0.0,0.0,0.0,0.0,0.0,0.0,Cultivo abandonado
12,5,ANTIOQUIA,5107,BRICEÑO,24.17,17.0,20.0,54.0,115.0,44.0,329.0,85.0,50.0,94.0,38.0,53.0,5.0,27.0,91.45,736.94,414.9,289.04,90.71,88.59,363.09,417.62,Cultivo permanente
13,5,ANTIOQUIA,5120,CÁCERES,229.11,116.0,537.0,539.0,650.0,579.0,552.0,524.0,382.0,1056.0,453.0,290.0,143.0,510.0,420.12,1131.27,1943.61,1826.23,1101.54,1273.92,1869.62,1785.65,Cultivo permanente
14,5,ANTIOQUIA,5134,CAMPAMENTO,0.0,8.0,0.0,62.0,28.0,9.0,38.0,6.0,25.0,0.0,0.0,6.0,11.0,41.0,25.6,130.32,228.15,204.57,183.95,179.43,326.09,268.84,Cultivo permanente
15,5,ANTIOQUIA,5142,CARACOLÍ,0.0,0.0,0.0,0.0,0.0,1.0,0.0,14.0,0.0,2.0,2.0,0.0,0.0,0.0,0.0,0.0,0.0,0.0,0.0,0.0,0.0,0.0,Cultivo abandonado
16,5,ANTIOQUIA,5147,CAREPA,0.0,0.0,0.0,2.0,0.0,0.0,0.0,4.0,0.0,4.0,0.0,0.0,0.0,0.0,0.0,0.0,0.0,0.0,0.0,0.0,0.0,0.0,Cultivo abandonado
17,5,ANTIOQUIA,5148,CARMEN DE VIBORAL,0.0,0.0,0.0,0.0,0.0,0.0,0.0,0.0,2.0,0.0,0.0,0.0,0.0,0.0,0.0,0.0,0.0,0.0,0.0,0.0,0.0,0.0,Cultivo abandonado
18,5,ANTIOQUIA,5154,CAUCASIA,95.11,26.0,27.0,21.0,2.0,12.0,7.0,2.0,0.0,0.0,0.0,0.0,0.0,0.0,0.0,5.89,0.0,2.25,0.0,0.0,3.32,3.63,Cultivo intermintente
19,5,ANTIOQUIA,5172,CHIGORODÓ,0.0,0.0,0.0,0.0,0.0,0.0,0.0,2.0,0.0,7.0,1.0,7.0,4.0,1.0,0.0,10.43,6.94,5.31,6.37,4.1,12.18,15.6,Cultivo intermintente
20,5,ANTIOQUIA,5197,COCORNÁ,0.0,0.0,0.0,0.0,0.0,0.0,0.0,13.0,6.0,0.0,1.0,4.0,0.0,0.0,0.0,0.0,0.0,0.0,0.0,0.0,0.0,0.0,Cultivo abandonado
21,5,ANTIOQUIA,5234,DABEIBA,40.0,0.0,0.0,0.0,0.0,0.0,0.0,0.0,40.0,4.0,2.0,4.0,0.0,0.0,0.0,0.0,0.0,0.0,0.0,0.0,0.0,0.0,Cultivo abandonado
22,5,ANTIOQUIA,5250,EL BAGRE,452.25,327.0,524.0,546.0,721.0,463.0,1752.0,708.0,715.0,1110.0,317.0,339.0,96.0,21.0,85.34,446.31,595.17,811.02,648.31,1265.7,1152.82,878.64,Cultivo permanente
23,5,ANTIOQUIA,5284,FRONTINO,1.0,0.0,0.0,0.0,0.0,0.0,0.0,0.0,0.0,0.0,0.0,0.0,0.0,0.0,0.0,0.0,0.0,0.0,0.0,0.0,0.0,0.0,Cultivo abandonado
24,5,ANTIOQUIA,5310,GÓMEZ PLATA,24.96,2.0,0.0,0.0,0.0,0.0,0.0,0.0,0.0,0.0,0.0,0.0,0.0,0.0,0.0,0.0,0.0,0.0,0.0,0.0,0.0,0.0,Cultivo abandonado
25,5,ANTIOQUIA,5361,ITUANGO,134.67,130.0,200.0,135.0,161.0,76.0,45.0,228.0,250.0,16.0,82.0,138.0,27.0,108.0,41.37,305.23,865.56,882.69,724.51,967.34,1414.19,1213.2,Cultivo permanente
26,5,ANTIOQUIA,5425,MACEO,7.95,0.0,0.0,0.0,0.0,0.0,0.0,0.0,0.0,0.0,0.0,0.0,0.0,0.0,0.0,0.0,0.0,0.0,0.0,0.0,0.0,0.0,Cultivo abandonado
27,5,ANTIOQUIA,5475,MURINDÓ,0.0,0.0,0.0,0.0,0.0,0.0,0.0,0.0,6.0,0.0,3.0,0.0,1.0,0.0,0.0,0.0,0.0,0.0,1.52,8.12,46.05,69.23,Cultivo intermintente
28,5,ANTIOQUIA,5480,MUTATÁ,1.0,0.0,0.0,0.0,0.0,0.0,0.0,0.0,0.0,7.0,0.0,10.0,4.0,0.0,1.18,0.0,6.65,3.49,1.21,1.1,5.99,10.0,Cultivo intermintente
29,5,ANTIOQUIA,5483,NARIÑO,0.0,0.0,2.0,8.0,1.0,94.0,32.0,17.0,61.0,29.0,66.0,3.0,0.0,1.0,0.0,0.0,0.0,0.0,0.0,0.0,0.0,0.0,Cultivo abandonado
30,5,ANTIOQUIA,5495,NECHÍ,15.67,57.0,125.0,195.0,365.0,335.0,1085.0,328.0,235.0,119.0,210.0,173.0,28.0,39.0,128.35,360.85,551.52,708.03,530.37,551.1,365.53,277.93,Cultivo permanente
31,5,ANTIOQUIA,5490,NECOCLÍ,0.0,0.0,78.0,1.0,0.0,0.0,0.0,0.0,0.0,0.0,0.0,0.0,1.0,0.0,0.0,0.0,0.0,0.0,0.0,0.0,0.0,0.0,Cultivo abandonado
32,5,ANTIOQUIA,5579,PUERTO BERRÍO,0.0,0.0,0.0,0.0,0.0,0.0,0.0,2.0,0.0,0.0,3.0,2.0,2.0,0.0,0.0,0.0,0.0,0.0,0.0,0.0,0.0,0.0,Cultivo abandonado
33,5,ANTIOQUIA,5585,PUERTO NARE,0.0,0.0,0.0,7.0,2.0,35.0,44.0,45.0,2.0,17.0,22.0,5.0,0.0,0.0,0.0,0.0,0.0,0.0,0.0,0.0,0.0,0.0,Cultivo abandonado
34,5,ANTIOQUIA,5591,PUERTO TRIUNFO,0.0,0.0,0.0,0.0,0.0,1.0,0.0,0.0,0.0,0.0,0.0,0.0,0.0,0.0,0.0,0.0,0.0,0.0,0.0,0.0,0.0,0.0,Cultivo abandonado
35,5,ANTIOQUIA,5604,REMEDIOS,443.32,534.0,331.0,193.0,202.0,265.0,142.0,154.0,121.0,85.0,86.0,29.0,3.0,5.0,3.99,10.38,24.67,45.37,39.33,38.88,129.44,118.94,Cultivo permanente
36,5,ANTIOQUIA,5628,SABANALARGA,0.0,1.0,0.0,0.0,0.0,0.0,0.0,0.0,0.0,0.0,0.0,0.0,0.0,0.0,0.0,0.0,0.0,0.0,0.0,0.0,0.0,0.0,Cultivo abandonado
37,5,ANTIOQUIA,5649,SAN CARLOS,1.0,0.0,0.0,0.0,0.0,38.0,23.0,17.0,45.0,13.0,44.0,48.0,3.0,3.0,1.44,1.76,0.0,0.0,0.0,0.0,1.18,1.39,Cultivo intermintente
38,5,ANTIOQUIA,5652,SAN FRANCISCO,22.85,0.0,17.0,0.0,27.0,137.0,79.0,235.0,71.0,139.0,129.0,47.0,31.0,23.0,29.46,15.52,13.99,28.75,14.11,13.75,30.62,48.47,Cultivo permanente
39,5,ANTIOQUIA,5660,SAN LUIS,13.02,0.0,18.0,0.0,83.0,197.0,102.0,271.0,182.0,37.0,114.0,21.0,11.0,12.0,8.33,8.23,4.57,8.91,1.66,2.1,9.12,23.01,Cultivo permanente
40,5,ANTIOQUIA,5665,SAN PEDRO DE URABÁ,0.0,0.0,8.0,0.0,0.0,0.0,0.0,0.0,1.0,0.0,0.0,0.0,0.0,0.0,5.28,4.56,3.48,2.66,1.07,0.0,0.0,0.0,Cultivo intermintente
41,5,ANTIOQUIA,5667,SAN RAFAEL,9.15,0.0,0.0,0.0,0.0,2.0,0.0,8.0,17.0,0.0,0.0,4.0,0.0,0.0,0.0,0.0,0.0,0.0,0.0,0.0,0.0,0.0,Cultivo abandonado
42,5,ANTIOQUIA,5670,SAN ROQUE,92.01,2.0,0.0,0.0,0.0,0.0,0.0,3.0,0.0,2.0,0.0,4.0,0.0,0.0,0.0,0.0,0.0,0.0,0.0,0.0,0.0,0.0,Cultivo abandonado
43,5,ANTIOQUIA,5686,SANTA ROSA DE OSOS,3.89,0.0,0.0,0.0,0.0,0.0,0.0,0.0,0.0,0.0,0.0,0.0,0.0,0.0,0.0,0.0,0.0,0.0,0.0,0.0,0.0,0.0,Cultivo abandonado
44,5,ANTIOQUIA,5736,SEGOVIA,211.64,355.0,58.0,152.0,403.0,604.0,436.0,307.0,305.0,316.0,202.0,98.0,19.0,38.0,58.14,143.85,191.93,306.59,198.3,200.11,226.86,262.68,Cultivo permanente
45,5,ANTIOQUIA,5756,SONSÓN,1.0,0.0,55.0,25.0,41.0,84.0,25.0,70.0,16.0,45.0,44.0,10.0,10.0,3.0,2.7,2.32,0.0,0.0,0.0,0.0,2.56,3.94,Cultivo intermintente
46,5,ANTIOQUIA,5790,TARAZÁ,684.18,337.0,537.0,1163.0,1402.0,1105.0,1663.0,931.0,773.0,986.0,635.0,495.0,338.0,842.0,884.61,2797.31,3803.68,3728.41,2061.72,2465.65,3531.32,3244.89,Cultivo permanente
47,5,ANTIOQUIA,5819,TOLEDO,0.0,0.0,0.0,0.0,0.0,0.0,0.0,0.0,0.0,0.0,0.0,0.0,0.0,0.0,0.0,0.0,0.0,3.44,0.0,0.0,0.0,0.0,Cultivo emergente
48,5,ANTIOQUIA,5837,TURBO,0.0,0.0,151.0,21.0,0.0,0.0,0.0,8.0,26.0,12.0,0.0,17.0,35.0,18.0,45.44,97.99,61.01,56.84,54.52,46.07,43.04,84.55,Cultivo permanente
49,5,ANTIOQUIA,5842,URAMITA,3.58,0.0,0.0,0.0,0.0,0.0,0.0,0.0,0.0,0.0,0.0,0.0,0.0,0.0,0.0,0.0,0.0,0.0,0.0,0.0,0.0,0.0,Cultivo abandonado
50,5,ANTIOQUIA,5847,URRAO,0.0,0.0,0.0,14.0,0.0,1.0,3.0,0.0,0.0,22.0,32.0,17.0,5.0,0.0,0.0,0.0,0.0,0.0,0.0,0.0,0.0,0.0,Cultivo abandonado
51,5,ANTIOQUIA,5854,VALDIVIA,124.2,50.0,157.0,431.0,467.0,426.0,1027.0,409.0,422.0,134.0,199.0,76.0,32.0,298.0,189.59,1620.8,2899.35,2623.54,2360.05,2833.73,4105.39,4516.57,Cultivo permanente
52,5,ANTIOQUIA,5858,VEGACHÍ,66.41,74.0,75.0,49.0,38.0,25.0,58.0,22.0,20.0,0.0,7.0,10.0,0.0,1.0,0.0,0.0,36.45,42.29,31.55,27.4,108.57,78.59,Cultivo intermintente
53,5,ANTIOQUIA,5873,VIGÍA DEL FUERTE,0.0,0.0,0.0,3.0,0.0,0.0,0.0,0.0,1.0,0.0,13.0,0.0,7.0,3.0,0.0,0.0,0.0,0.0,0.0,0.0,0.0,8.84,Cultivo intermintente
54,5,ANTIOQUIA,5885,YALÍ,89.81,47.0,46.0,27.0,22.0,0.0,53.0,0.0,6.0,0.0,0.0,0.0,0.0,10.0,12.37,17.66,52.31,58.28,31.0,40.38,77.69,45.02,Cultivo intermintente
55,5,ANTIOQUIA,5887,YARUMAL,2.0,2.0,0.0,68.0,6.0,17.0,8.0,0.0,9.0,2.0,3.0,0.0,1.0,13.0,3.16,40.04,93.9,87.63,70.97,79.69,113.81,125.13,Cultivo permanente
56,5,ANTIOQUIA,5890,YOLOMBÓ,71.94,7.0,17.0,0.0,0.0,0.0,0.0,0.0,0.0,0.0,0.0,0.0,0.0,4.0,1.44,4.73,13.34,23.41,1.43,3.92,9.92,16.24,Cultivo intermintente
57,5,ANTIOQUIA,5893,YONDÓ ,0.74,59.0,85.0,86.0,88.0,13.0,31.0,239.0,153.0,0.0,69.0,8.0,0.0,3.0,3.08,0.0,4.58,6.5,14.67,8.72,10.68,17.86,Cultivo intermintente
58,5,ANTIOQUIA,5895,ZARAGOZA,281.81,399.0,505.0,416.0,600.0,400.0,1611.0,495.0,240.0,384.0,49.0,252.0,12.0,24.0,66.82,160.9,346.92,471.23,346.37,686.02,807.18,682.48,Cultivo permanente
59,81,ARAUCA,81065,ARAUQUITA,1325.09,1647.0,293.84,939.0,1165.0,775.0,1090.0,205.0,200.0,123.0,42.0,58.0,44.0,16.0,9.12,6.34,116.63,7.44,0.0,0.0,0.0,0.0,Cultivo intermintente
60,81,ARAUCA,81300,FORTUL,265.82,165.0,71.31,252.0,249.0,158.0,519.0,39.0,72.0,46.0,24.0,5.0,3.0,3.0,1.23,0.0,0.0,0.0,0.0,0.0,0.0,0.0,Cultivo abandonado
61,81,ARAUCA,81591,PUERTO RONDÓN,43.95,34.0,0.0,10.0,36.0,50.0,18.0,15.0,8.0,3.0,2.0,0.0,1.0,2.0,1.93,0.0,4.59,0.0,0.0,0.0,0.0,0.0,Cultivo abandonado
62,81,ARAUCA,81736,SARAVENA,138.25,55.0,76.51,98.0,184.0,126.0,192.0,92.0,34.0,15.0,15.0,5.0,4.0,1.0,0.0,0.0,0.0,0.0,0.0,0.0,0.0,0.0,Cultivo abandonado
63,81,ARAUCA,81794,TAME,396.23,314.0,96.38,253.0,249.0,197.0,297.0,96.0,103.0,60.0,50.0,14.0,17.0,4.0,4.85,2.57,0.0,0.0,0.0,0.0,0.0,0.0,Cultivo abandonado
64,13,BOLÍVAR,13006,ACHÍ,1.0,0.0,0.0,0.0,3.0,0.0,20.0,0.0,14.0,60.0,5.0,12.0,1.0,6.0,3.77,9.12,12.48,12.53,8.22,5.72,4.94,9.27,Cultivo permanente
65,13,BOLÍVAR,13030,ALTOS DEL ROSARIO,0.0,0.0,37.27,42.97,58.0,18.0,57.0,43.0,67.0,6.0,16.0,0.0,0.0,0.0,0.0,0.0,0.0,0.0,0.0,0.0,0.0,5.29,Cultivo intermintente
66,13,BOLÍVAR,13042,ARENAL,53.35,71.0,194.0,109.0,150.0,67.0,221.0,117.0,182.0,114.0,57.0,38.0,16.0,56.0,10.57,18.69,21.35,2.51,19.13,35.55,104.58,123.48,Cultivo permanente
67,13,BOLÍVAR,13074,BARRANCO DE LOBA,0.0,0.0,51.33,53.0,82.0,29.0,63.0,31.0,68.0,22.0,16.0,0.0,0.0,0.0,0.0,0.0,0.0,0.0,0.0,0.0,0.0,45.02,Cultivo intermintente
68,13,BOLÍVAR,13160,CANTAGALLO,1063.4,446.0,511.0,229.0,333.0,127.0,485.0,909.0,727.0,312.0,255.0,198.0,57.0,125.0,44.86,398.45,600.51,728.93,645.48,811.66,1258.48,1145.27,Cultivo permanente
69,13,BOLÍVAR,13268,EL PEÑÓN,0.0,0.0,0.0,2.12,0.0,0.0,0.0,0.0,0.0,0.0,0.0,0.0,0.0,0.0,0.0,0.0,0.0,0.0,0.0,0.0,0.0,0.0,Cultivo abandonado
70,13,BOLÍVAR,13458,MONTECRISTO,103.11,45.0,231.0,287.0,255.0,237.0,1239.0,734.0,679.0,709.0,535.0,234.0,163.0,279.0,214.14,522.1,510.89,716.53,635.21,576.61,688.02,616.18,Cultivo permanente
71,13,BOLÍVAR,13473,MORALES,184.44,64.0,145.0,78.0,115.0,152.0,285.0,156.0,163.0,300.0,55.0,98.0,19.0,100.0,36.4,167.65,208.58,234.16,154.79,148.75,318.26,197.36,Cultivo permanente
72,13,BOLÍVAR,13490,NOROSI,0.0,0.0,0.0,0.0,0.0,0.0,0.0,0.0,0.0,0.0,0.0,6.0,14.0,21.0,11.68,15.79,8.78,13.5,4.76,13.32,82.68,165.88,Cultivo permanente
73,13,BOLÍVAR,13600,RIOVIEJO,194.49,166.0,288.0,242.0,323.0,178.0,357.0,230.0,276.0,163.0,66.0,15.0,9.0,23.0,11.54,8.22,15.08,2.12,18.4,66.0,100.22,143.58,Cultivo permanente
74,13,BOLÍVAR,13655,SAN JACINTO DEL CAUCA,0.0,5.0,23.0,40.0,47.0,82.0,130.0,193.0,101.0,33.0,132.0,25.0,18.0,18.0,64.42,136.08,161.54,233.76,200.27,172.27,168.98,167.53,Cultivo permanente
75,13,BOLÍVAR,13667,SAN MARTÍN DE LOBA,0.0,0.0,67.46,180.0,176.0,67.0,144.0,77.0,114.0,82.0,17.0,0.0,0.0,1.0,0.0,0.0,4.25,4.14,2.88,2.84,2.45,17.52,Cultivo intermintente
76,13,BOLÍVAR,13670,SAN PABLO,1189.72,614.0,1105.0,756.0,638.0,334.0,579.0,1529.0,742.0,376.0,384.0,544.0,225.0,258.0,229.54,1255.5,2300.37,3315.51,2832.35,3218.26,3972.77,3470.98,Cultivo permanente
77,13,BOLÍVAR,13688,SANTA ROSA DEL SUR,1907.35,996.0,1336.0,925.0,1152.0,810.0,958.0,1319.0,1083.0,745.0,264.0,526.0,336.0,488.0,307.29,968.38,1437.1,2009.22,1912.62,2468.01,2515.23,2086.98,Cultivo permanente
78,13,BOLÍVAR,13744,SIMITÍ,1382.2,321.0,410.0,388.0,188.0,174.0,581.0,374.0,319.0,132.0,131.0,166.0,54.0,92.0,69.65,508.1,781.04,1206.26,1443.32,1652.33,2011.06,1760.31,Cultivo permanente
79,13,BOLÍVAR,13810,TIQUISIO ,61.54,7.0,72.0,69.0,150.0,107.0,513.0,135.0,242.0,270.0,274.0,106.0,13.0,98.0,39.16,86.2,117.04,134.51,87.66,201.93,286.71,413.38,Cultivo permanente
80,15,BOYACÁ,15212,COPER,0.0,3.0,3.0,0.0,0.0,1.0,0.0,0.0,0.0,0.0,0.0,0.0,0.0,0.0,0.0,0.0,0.0,0.0,0.0,0.0,0.0,0.0,Cultivo abandonado
81,15,BOYACÁ,15223,CUBARÁ,47.3,6.0,8.04,0.0,0.0,0.0,0.0,8.0,4.0,7.0,0.0,0.0,0.0,1.0,0.0,0.0,0.0,0.0,0.0,0.0,0.0,0.0,Cultivo abandonado
82,15,BOYACÁ,15401,LA VICTORIA,0.0,0.0,0.0,0.0,0.0,0.0,0.0,0.0,1.0,0.0,0.0,0.0,0.0,0.0,0.0,0.0,0.0,0.0,0.0,0.0,0.0,0.0,Cultivo abandonado
83,15,BOYACÁ,15442,MARIPÍ,0.0,14.0,25.0,10.0,0.0,4.0,0.0,0.0,0.0,0.0,0.0,0.0,0.0,1.0,0.0,0.0,0.0,0.0,0.0,0.0,0.0,0.0,Cultivo abandonado
84,15,BOYACÁ,15480,MUZO,0.0,1.0,39.0,11.0,2.0,13.0,0.0,0.0,0.0,0.0,0.0,0.0,0.0,0.0,0.0,0.0,0.0,0.0,0.0,0.0,0.0,0.0,Cultivo abandonado
85,15,BOYACÁ,15507,OTANCHE,6.68,23.0,140.67,84.0,101.0,142.0,52.0,120.0,106.0,30.0,47.0,8.0,6.0,4.0,4.55,0.0,0.0,2.8,0.0,0.0,0.0,0.0,Cultivo intermintente
86,15,BOYACÁ,15531,PAUNA,1.0,10.0,22.0,10.0,14.0,54.0,0.0,0.0,0.0,0.0,0.0,0.0,3.0,3.0,0.0,0.0,0.0,0.0,0.0,0.0,0.0,0.0,Cultivo abandonado
87,15,BOYACÁ,15572,PUERTO BOYACÁ,28.51,43.0,309.0,215.0,206.0,197.0,22.0,65.0,56.0,68.0,38.0,2.0,8.0,5.0,3.16,14.99,21.99,13.68,4.24,6.35,17.95,47.29,Cultivo permanente
88,15,BOYACÁ,15580,QUÍPAMA,0.0,3.0,27.0,15.0,10.0,6.0,0.0,0.0,6.0,0.0,1.0,0.0,0.0,0.0,0.0,0.0,0.0,0.0,0.0,0.0,0.0,0.0,Cultivo abandonado
89,15,BOYACÁ,15681,SAN PABLO DE BORBUR,0.0,15.0,18.99,13.0,9.0,20.0,5.0,4.0,10.0,0.0,8.0,0.0,0.0,0.0,0.0,0.0,0.0,0.0,0.0,0.0,0.0,0.0,Cultivo abandonado
90,15,BOYACÁ,15696,SANTA SOFÍA,0.0,0.0,1.26,0.0,0.0,0.0,0.0,0.0,0.0,0.0,0.0,0.0,0.0,0.0,0.0,0.0,0.0,0.0,0.0,0.0,0.0,0.0,Cultivo abandonado
91,15,BOYACÁ,15832,TUNUNGUÁ,0.0,0.0,0.0,1.08,0.0,4.0,0.0,0.0,0.0,0.0,0.0,0.0,0.0,0.0,0.0,0.0,0.0,0.0,0.0,0.0,0.0,0.0,Cultivo abandonado
92,17,CALDAS,17433,MANZANARES,0.0,0.0,0.81,0.0,0.0,0.0,0.0,0.0,0.0,0.0,0.0,0.0,0.0,0.0,0.0,0.0,0.0,0.0,0.0,0.0,0.0,0.0,Cultivo abandonado
93,17,CALDAS,17495,NORCASIA,0.0,0.0,43.0,313.0,46.0,51.0,28.0,39.0,38.0,8.0,9.0,8.0,0.0,0.0,0.0,0.0,0.0,0.0,0.0,0.0,0.0,0.0,Cultivo abandonado
94,17,CALDAS,17541,PENSILVANIA,0.0,0.0,0.0,1.11,7.46,14.0,7.0,12.0,2.0,7.0,7.0,0.0,0.0,0.0,0.0,0.0,0.0,0.0,0.0,0.0,0.0,0.0,Cultivo abandonado
95,17,CALDAS,17662,SAMANÁ,0.0,0.0,9.9,41.0,132.0,380.0,21.0,136.0,127.0,30.0,30.0,8.0,8.0,0.0,0.0,0.0,0.0,0.0,0.0,0.0,0.0,0.0,Cultivo abandonado
96,17,CALDAS,17867,VICTORIA,0.0,0.0,0.0,2.97,4.0,16.0,0.0,0.0,0.0,0.0,0.0,0.0,0.0,0.0,0.0,0.0,0.0,0.0,0.0,0.0,0.0,0.0,Cultivo abandonado
97,18,CAQUETÁ,18029,ALBANIA,180.0,125.0,122.0,698.0,149.0,106.0,61.0,10.0,12.0,7.0,7.0,2.0,7.0,18.0,32.5,53.64,63.28,61.92,30.07,37.21,58.23,94.09,Cultivo permanente
98,18,CAQUETÁ,18094,BELÉN DE LOS ANDAQUÍES,40.0,64.0,135.0,112.0,157.0,132.0,30.0,185.0,63.0,79.0,193.0,89.0,85.0,92.0,132.03,147.2,201.43,303.88,110.22,0.0,13.27,120.5,Cultivo intermintente
99,18,CAQUETÁ,18150,CARTAGENA DEL CHAIRÁ,5930.52,3989.0,1990.0,1203.0,1836.0,1674.0,1916.0,1374.0,781.0,603.0,409.0,456.0,703.0,1050.0,948.62,1187.95,1369.17,1006.74,416.26,251.71,304.36,433.88,Cultivo permanente
100,18,CAQUETÁ,18205,CURILLO,754.1,581.0,202.0,252.0,253.0,265.0,283.0,44.0,114.0,125.0,69.0,188.0,208.0,259.0,459.51,368.15,471.31,342.83,227.55,110.42,257.19,344.65,Cultivo permanente
101,18,CAQUETÁ,18247,EL DONCELLO,41.0,3.0,22.05,13.0,52.0,52.0,84.0,102.0,143.0,55.0,70.0,101.0,68.0,233.0,303.46,552.76,454.95,413.36,23.37,12.43,50.03,31.03,Cultivo permanente
102,18,CAQUETÁ,18256,EL PAUJIL,149.0,3.0,12.35,30.0,29.0,32.0,88.0,39.0,66.0,31.0,112.0,99.0,114.0,240.0,267.63,415.85,951.65,704.08,147.38,54.38,157.0,208.28,Cultivo permanente
103,18,CAQUETÁ,18001,FLORENCIA,0.0,24.0,69.0,90.0,6.0,4.0,19.0,14.0,10.0,9.0,105.0,31.0,25.0,31.0,52.84,98.39,218.4,267.99,58.18,12.34,41.84,25.87,Cultivo permanente
104,18,CAQUETÁ,18460,MILÁN,525.88,172.0,321.0,348.0,255.0,414.0,532.0,174.0,217.0,181.0,290.0,251.0,359.0,530.0,695.74,1040.24,1135.54,1226.44,461.07,252.34,283.48,497.06,Cultivo permanente
105,18,CAQUETÁ,18410,MONTAÑITA,568.63,201.0,535.0,188.0,316.0,292.0,637.0,315.0,267.0,239.0,409.0,649.0,816.0,1335.0,1503.49,1743.71,2491.73,2989.69,822.86,461.97,694.79,956.38,Cultivo permanente
106,18,CAQUETÁ,18479,MORELIA,2.0,4.0,0.58,554.0,2.0,18.0,5.0,5.0,6.0,1.0,1.0,5.0,10.0,0.0,1.04,0.0,16.06,21.04,1.13,0.0,0.0,0.0,Cultivo intermintente
107,18,CAQUETÁ,18592,PUERTO RICO,118.0,246.0,384.0,279.0,91.0,143.0,191.0,458.0,429.0,148.0,316.0,219.0,207.0,354.0,415.94,545.83,1635.95,1454.45,224.31,12.93,44.84,65.61,Cultivo permanente
108,18,CAQUETÁ,18610,SAN JOSÉ DEL FRAGUA,653.83,655.0,425.0,209.0,311.0,245.0,353.0,92.0,119.0,145.0,304.0,552.0,488.0,611.0,1083.85,1030.8,1414.45,1592.82,1409.84,430.64,781.94,1202.03,Cultivo permanente
109,18,CAQUETÁ,18753,SAN VICENTE DEL CAGUÁN,1193.14,606.0,407.0,603.0,231.0,332.0,380.0,373.0,545.0,215.0,78.0,77.0,164.0,412.0,406.84,403.29,380.85,264.01,71.3,104.61,84.61,92.44,Cultivo permanente
110,18,CAQUETÁ,18756,SOLANO,2039.85,1067.0,1146.0,516.0,1015.0,808.0,1253.0,992.0,743.0,567.0,842.0,876.0,933.0,1269.0,1285.05,1577.25,763.8,825.37,447.44,281.16,713.34,1168.69,Cultivo permanente
111,18,CAQUETÁ,18785,SOLITA,757.91,380.0,769.0,309.0,103.0,214.0,195.0,64.0,121.0,78.0,23.0,30.0,29.0,26.0,31.56,34.58,42.15,55.15,8.75,5.23,8.52,41.76,Cultivo permanente
112,18,CAQUETÁ,18860,VALPARAÍSO,832.48,292.0,690.0,1094.0,182.0,236.0,291.0,62.0,123.0,95.0,99.0,69.0,106.0,82.0,92.37,143.47,182.53,231.95,51.73,27.57,175.16,331.7,Cultivo permanente
113,19,CAUCA,19022,ALMAGUER,0.0,0.0,0.0,0.0,0.0,0.0,0.0,0.0,0.0,4.0,0.0,0.0,0.0,0.0,0.0,0.0,0.0,0.0,0.0,0.0,0.0,0.0,Cultivo abandonado
114,19,CAUCA,19050,ARGELIA,206.34,218.0,93.0,65.0,153.0,161.0,637.0,483.0,300.0,296.0,200.0,470.0,121.0,1328.0,959.73,1754.51,1956.52,2369.96,2351.45,2549.58,2849.97,3085.97,Cultivo permanente
115,19,CAUCA,19075,BALBOA,19.0,0.0,94.0,23.0,24.0,91.0,192.0,15.0,49.0,77.0,62.0,43.0,24.0,80.0,223.8,112.27,82.33,198.37,321.43,293.98,561.5,499.9,Cultivo permanente
116,19,CAUCA,19100,BOLÍVAR,0.0,0.0,0.69,0.0,3.0,21.0,14.0,4.0,108.0,142.0,16.0,20.0,1.0,24.0,48.98,51.71,85.31,15.9,4.19,9.58,194.88,78.68,Cultivo permanente
117,19,CAUCA,19110,BUENOS AIRES,0.0,0.0,0.0,0.0,0.0,0.0,0.0,10.0,5.0,0.0,0.0,0.0,0.0,16.0,27.0,2.2,64.54,125.74,442.79,507.22,930.43,794.28,Cultivo intermintente
118,19,CAUCA,19130,CAJIBÍO,30.48,0.0,0.0,0.0,4.0,0.0,0.0,0.0,2.0,0.0,0.0,7.0,0.0,15.0,68.95,132.45,407.19,323.07,355.09,235.23,325.62,364.41,Cultivo intermintente
119,19,CAUCA,19137,CALDONO,0.0,0.0,0.0,0.0,0.0,0.0,0.0,0.0,0.0,0.0,0.0,0.0,0.0,0.0,0.0,0.0,0.0,0.0,0.0,0.0,66.11,76.36,Cultivo emergente
120,19,CAUCA,19142,CALOTO,0.0,0.0,0.0,0.0,0.0,0.0,0.0,0.0,0.0,0.0,0.0,0.0,0.0,0.0,16.1,26.26,0.0,1.6,18.45,9.97,8.06,7.58,Cultivo intermintente
121,19,CAUCA,19212,CORINTO,0.0,0.0,0.0,0.0,0.0,0.0,0.0,0.0,0.0,0.0,0.0,0.0,0.0,0.0,26.7,38.91,0.0,10.54,10.88,8.48,11.34,8.46,Cultivo intermintente
122,19,CAUCA,19256,EL TAMBO,1303.03,698.0,187.0,203.0,629.0,307.0,803.0,1240.0,1284.0,1560.0,1514.0,1876.0,1297.0,2522.0,3468.18,5300.28,6661.01,7242.99,7102.46,7483.6,8737.35,9223.56,Cultivo permanente
123,19,CAUCA,19290,FLORENCIA,0.0,0.0,0.0,0.0,0.0,8.0,0.0,0.0,12.0,29.0,0.0,0.0,0.0,0.0,0.0,0.0,0.0,0.0,0.0,0.0,0.0,0.0,Cultivo abandonado
124,19,CAUCA,19318,GUAPI,55.42,102.0,146.0,374.0,489.0,121.0,414.0,1434.0,1368.0,1022.0,984.0,396.0,182.0,191.0,256.88,525.78,720.88,678.57,634.89,594.68,1825.15,1558.85,Cultivo permanente
125,19,CAUCA,19364,JAMBALÓ,0.0,0.0,0.0,0.0,0.0,0.0,0.0,0.0,0.0,0.0,0.0,0.0,0.0,0.0,0.0,0.0,0.0,0.0,68.96,39.14,60.52,35.86,Cultivo emergente
126,19,CAUCA,19392,LA SIERRA,0.0,0.0,0.0,0.0,0.0,0.0,0.0,4.0,0.0,0.0,0.0,0.0,0.0,0.0,0.0,0.0,0.0,0.0,0.0,0.0,0.0,0.0,Cultivo abandonado
127,19,CAUCA,19397,LA VEGA,0.0,0.0,0.0,0.0,0.0,8.0,0.0,1.0,0.0,0.0,0.0,0.0,0.0,0.0,0.0,0.0,0.0,0.0,0.0,0.0,0.0,0.0,Cultivo abandonado
128,19,CAUCA,19418,LÓPEZ,57.97,97.0,15.0,59.0,63.0,79.0,273.0,476.0,921.0,791.0,1040.0,341.0,548.0,686.0,867.22,941.41,1467.97,1319.76,1308.33,1085.09,1774.56,1656.51,Cultivo permanente
129,19,CAUCA,19450,MERCADERES,0.0,0.0,2.97,0.0,0.0,31.0,8.0,0.0,75.0,137.0,420.0,17.0,21.0,120.0,95.06,140.7,126.54,25.14,0.0,0.0,45.46,25.3,Cultivo intermintente
130,19,CAUCA,19455,MIRANDA,0.0,0.0,0.0,0.0,0.0,0.0,0.0,0.0,0.0,0.0,0.0,0.0,0.0,0.0,3.67,5.98,0.0,2.27,58.69,34.51,38.46,30.87,Cultivo intermintente
131,19,CAUCA,19473,MORALES,101.98,0.0,0.0,0.0,9.0,10.0,118.0,29.0,32.0,55.0,32.0,76.0,17.0,70.0,155.25,166.89,340.32,309.79,361.67,393.41,648.76,783.82,Cultivo permanente
132,19,CAUCA,19532,PATÍA  ,0.0,0.0,0.0,0.0,6.0,83.0,48.0,105.0,109.0,82.0,51.0,58.0,76.0,97.0,203.53,327.96,350.34,405.01,376.95,485.32,865.86,1110.25,Cultivo permanente
133,19,CAUCA,19533,PIAMONTE,899.15,818.0,651.0,281.0,517.0,594.0,669.0,523.0,165.0,131.0,253.0,516.0,461.0,602.0,1166.89,1458.49,1780.44,1997.22,1905.07,867.1,1550.09,2771.18,Cultivo permanente
134,19,CAUCA,19548,PIENDAMÓ,0.0,0.0,0.0,0.0,0.0,0.0,0.0,0.0,0.0,0.0,0.0,0.0,0.0,0.0,0.0,0.0,0.0,0.0,0.0,0.0,8.58,12.49,Cultivo emergente
135,19,CAUCA,19622,ROSAS,0.0,0.0,0.0,0.0,0.0,0.0,0.0,0.0,0.0,0.0,0.0,0.0,0.0,0.0,0.0,0.0,2.78,3.89,0.0,0.0,10.92,12.82,Cultivo intermintente
136,19,CAUCA,19701,SANTA ROSA,0.0,3.0,0.36,0.0,229.0,135.0,0.0,16.0,12.0,0.0,0.0,0.0,0.0,0.0,0.0,0.0,0.0,0.0,54.85,0.0,0.0,68.66,Cultivo intermintente
137,19,CAUCA,19698,SANTANDER DE QUILICHAO,0.0,0.0,0.0,0.0,0.0,0.0,0.0,0.0,0.0,0.0,0.0,0.0,0.0,0.0,0.0,0.0,0.0,0.0,0.0,5.46,356.05,166.01,Cultivo emergente
138,19,CAUCA,19760,SOTARÁ ,24.0,0.0,0.0,0.0,0.0,0.0,0.0,0.0,0.0,0.0,0.0,0.0,0.0,0.0,0.0,0.0,0.0,0.0,0.0,0.0,0.0,0.0,Cultivo abandonado
139,19,CAUCA,19780,SUÁREZ,2.0,0.0,0.0,0.0,0.0,0.0,32.0,32.0,4.0,1.0,0.0,0.0,1.0,49.0,139.65,170.45,267.19,383.53,501.67,668.49,804.74,923.52,Cultivo permanente
140,19,CAUCA,19785,SUCRE,0.0,0.0,0.0,0.0,0.0,0.0,0.0,0.0,0.0,0.0,0.0,0.0,5.0,17.0,15.57,18.67,13.5,6.8,4.0,8.49,46.19,28.21,Cultivo permanente
141,19,CAUCA,19807,TIMBÍO,40.92,0.0,0.0,0.0,0.0,3.0,0.0,0.0,0.0,0.0,0.0,0.0,0.0,0.0,0.0,0.0,0.0,0.0,0.0,0.0,0.0,1.35,Cultivo intermintente
142,19,CAUCA,19809,TIMBIQUÍ,188.68,185.0,253.0,260.31,579.0,453.0,960.0,1050.0,1698.0,1581.0,1494.0,507.0,572.0,572.0,907.47,1405.67,1633.45,1696.92,1464.04,1263.01,3376.08,2896.79,Cultivo permanente
143,19,CAUCA,19821,TORIBÍO,0.0,0.0,0.0,0.0,0.0,0.0,0.0,0.0,0.0,0.0,0.0,0.0,0.0,0.0,9.47,14.85,0.0,0.0,9.97,1.49,2.41,1.03,Cultivo intermintente
144,20,CESAR,20178,CHIRIGUANÁ,0.0,0.0,0.0,0.0,0.0,0.0,0.0,0.0,0.0,0.0,0.0,0.0,0.0,0.0,0.0,0.0,2.43,0.0,0.0,0.0,0.0,0.0,Cultivo abandonado
145,20,CESAR,20310,GONZÁLEZ,0.0,0.0,0.0,0.0,0.0,0.0,0.0,0.0,0.0,0.0,0.0,5.0,4.0,2.0,16.22,6.58,7.78,7.1,23.55,28.51,9.29,7.68,Cultivo permanente
146,20,CESAR,20517,PAILITAS,0.0,0.0,0.0,0.0,0.0,0.0,0.0,5.0,0.0,0.0,0.0,0.0,0.0,0.0,0.0,0.0,0.0,0.0,0.0,0.0,0.0,0.0,Cultivo abandonado
147,20,CESAR,20710,SAN ALBERTO,0.0,0.0,0.0,0.0,0.0,0.0,0.0,0.0,0.0,0.0,0.0,4.0,6.0,5.0,15.47,17.25,10.72,13.79,6.28,1.97,0.0,0.0,Cultivo intermintente
148,20,CESAR,20770,SAN MARTÍN,0.0,0.0,0.0,0.0,0.0,0.0,0.0,0.0,0.0,0.0,0.0,3.0,3.0,3.0,1.58,2.57,3.42,10.21,8.33,1.74,1.32,0.0,Cultivo intermintente
149,27,CHOCÓ,27006,ACANDÍ,0.0,0.0,0.0,0.0,0.0,0.0,0.0,0.0,0.0,0.0,6.0,4.0,2.0,4.0,3.34,2.2,8.96,4.47,4.76,1.69,1.29,6.34,Cultivo permanente
150,27,CHOCÓ,27025,ALTO BAUDÓ ,0.0,0.0,45.0,12.0,104.0,7.0,259.0,391.0,159.0,489.0,196.0,268.0,105.0,135.0,47.87,57.97,39.17,21.62,38.75,34.09,115.75,173.93,Cultivo permanente
151,27,CHOCÓ,27050,ATRATO ,0.0,0.0,0.0,0.0,0.0,0.0,0.0,0.0,4.0,0.0,0.0,8.0,2.0,0.0,0.0,0.0,0.0,0.0,0.0,0.0,0.0,1.78,Cultivo intermintente
152,27,CHOCÓ,27075,BAHÍA SOLANO ,0.0,0.0,0.0,0.0,0.0,0.0,0.0,0.0,0.0,7.0,0.0,0.0,0.0,0.0,0.0,0.0,0.0,0.0,0.0,0.0,0.0,0.0,Cultivo abandonado
153,27,CHOCÓ,27077,BAJO BAUDÓ  ,0.0,0.0,177.0,78.0,332.0,82.0,353.0,1114.0,147.0,341.0,248.0,562.0,145.0,218.0,131.16,138.22,79.75,53.69,21.53,16.38,91.51,101.64,Cultivo permanente
154,27,CHOCÓ,27099,BOJAYÁ ,0.0,0.0,0.0,0.0,0.0,0.0,0.0,0.0,0.0,0.0,4.0,2.0,0.0,0.0,0.0,0.0,0.0,0.0,0.0,0.0,0.0,0.0,Cultivo abandonado
155,27,CHOCÓ,27150,CARMEN DEL DARIÉN  ,0.0,0.0,0.0,0.0,0.0,0.0,0.0,0.0,0.0,0.0,0.0,63.0,76.0,23.0,48.14,98.28,159.99,153.39,232.42,192.67,778.94,702.58,Cultivo permanente
156,27,CHOCÓ,27205,CONDOTO,0.0,0.0,0.0,1.0,3.0,0.0,6.0,55.0,13.0,33.0,59.0,10.0,7.0,10.0,20.57,3.36,13.53,11.43,11.23,7.88,20.92,10.26,Cultivo permanente
157,27,CHOCÓ,27135,EL CANTÓN DEL SAN PABLO,0.0,0.0,1.35,12.0,48.0,0.0,25.0,52.0,63.0,133.0,68.0,58.0,29.0,50.0,47.82,34.76,11.73,5.51,0.0,0.0,19.22,22.04,Cultivo intermintente
158,27,CHOCÓ,27250,EL LITORAL DEL SAN JUAN,0.0,0.0,0.0,1.26,1.98,3.0,11.0,102.0,24.0,60.0,36.0,144.0,67.0,120.0,37.98,98.35,184.52,138.36,59.41,50.94,63.54,81.93,Cultivo permanente
159,27,CHOCÓ,27361,ISTMINA,0.0,0.0,57.0,36.0,196.0,210.0,205.0,425.0,497.0,847.0,684.0,760.0,369.0,517.0,303.11,476.71,743.05,577.36,228.85,200.15,462.79,311.83,Cultivo permanente
160,27,CHOCÓ,27372,JURADÓ,0.0,0.0,0.0,0.0,0.0,0.0,0.0,0.0,0.0,13.0,18.0,9.0,9.0,0.0,0.0,0.0,0.0,0.0,0.0,0.0,0.0,0.0,Cultivo abandonado
161,27,CHOCÓ,27413,LLORÓ,0.0,0.0,0.0,0.0,0.0,0.0,0.0,0.0,0.0,10.0,0.0,4.0,0.0,0.0,0.0,0.0,1.37,0.0,0.0,4.16,13.54,7.96,Cultivo intermintente
162,27,CHOCÓ,27425,MEDIO ATRATO ,0.0,0.0,0.0,0.0,0.0,0.0,0.0,0.0,0.0,4.0,3.0,4.0,0.0,0.0,0.0,0.0,0.0,0.0,0.0,0.0,0.0,0.0,Cultivo abandonado
163,27,CHOCÓ,27430,MEDIO BAUDÓ ,0.0,0.0,4.23,11.0,68.0,24.0,77.0,228.0,254.0,333.0,352.0,606.0,177.0,231.0,134.81,68.85,64.52,43.42,36.61,39.79,161.45,170.15,Cultivo permanente
164,27,CHOCÓ,27450,MEDIO SAN JUAN ,0.0,0.0,0.0,0.0,0.0,0.0,0.0,0.0,0.0,0.0,0.0,305.0,192.0,153.0,304.9,136.34,305.05,224.96,81.23,82.53,249.03,218.32,Cultivo permanente
165,27,CHOCÓ,27491,NÓVITA,0.0,0.0,93.0,30.0,90.0,237.0,76.0,215.0,190.0,249.0,464.0,165.0,91.0,53.0,78.94,75.26,162.33,130.29,69.32,61.85,143.69,133.92,Cultivo permanente
166,27,CHOCÓ,27495,NUQUÍ,0.0,0.0,0.0,2.0,5.0,2.0,8.0,23.0,19.0,13.0,12.0,33.0,3.0,6.0,0.0,0.0,0.0,0.0,0.0,0.0,0.0,0.0,Cultivo abandonado
167,27,CHOCÓ,27001,QUIBDÓ,0.0,0.0,0.0,0.0,2.97,3.0,3.0,7.0,42.0,26.0,14.0,25.0,11.0,2.0,5.76,3.75,7.16,3.52,5.07,12.59,26.06,27.05,Cultivo permanente
168,27,CHOCÓ,27580,RÍO IRÓ ,0.0,0.0,0.0,0.0,0.0,0.0,0.0,0.0,0.0,0.0,0.0,12.0,12.0,13.0,14.05,7.9,27.68,16.33,6.48,9.86,26.31,16.46,Cultivo permanente
169,27,CHOCÓ,27600,RÍO QUITO ,0.0,0.0,0.0,9.0,21.0,0.0,22.0,9.0,0.0,30.0,16.0,16.0,3.0,3.0,2.59,0.0,0.0,0.0,0.0,0.0,10.51,3.43,Cultivo intermintente
170,27,CHOCÓ,27615,RIOSUCIO,354.0,0.0,0.0,0.0,0.0,0.0,0.0,0.0,75.0,243.0,86.0,196.0,130.0,40.0,90.7,35.75,113.87,104.01,148.83,155.65,1036.14,1055.78,Cultivo permanente
171,27,CHOCÓ,27660,SAN JOSÉ DEL PALMAR,0.0,0.0,0.0,0.0,0.0,0.0,7.0,94.0,57.0,107.0,104.0,43.0,92.0,47.0,44.43,323.42,392.52,391.55,180.85,253.79,1040.35,1614.01,Cultivo permanente
172,27,CHOCÓ,27745,SIPÍ,0.0,0.0,76.0,127.0,150.0,248.0,28.0,74.0,122.0,191.0,130.0,125.0,106.0,99.0,91.25,217.9,258.0,246.96,110.08,168.38,382.06,470.09,Cultivo permanente
173,27,CHOCÓ,27787,TADÓ,0.0,0.0,0.0,2.0,1.53,0.0,0.0,5.0,0.0,0.0,4.0,3.0,2.0,3.0,5.51,3.16,2.71,0.0,0.0,0.0,0.0,0.0,Cultivo abandonado
174,27,CHOCÓ,27800,UNGUÍA,0.0,0.0,0.0,0.0,0.0,0.0,0.0,0.0,0.0,29.0,6.0,4.0,31.0,14.0,75.87,20.66,34.68,28.26,12.67,175.24,417.48,425.3,Cultivo permanente
175,27,CHOCÓ,27810,UNIÓN PANAMERICANA ,0.0,0.0,0.0,2.07,1.41,0.0,0.0,0.0,0.0,0.0,1.0,0.0,0.0,0.0,0.0,0.0,0.0,0.0,0.0,0.0,0.0,0.0,Cultivo abandonado
176,23,CÓRDOBA,23350,LA APARTADA,6.56,0.0,0.0,0.0,0.0,0.0,0.0,0.0,0.0,0.0,0.0,0.0,0.0,0.0,0.0,0.0,0.0,0.0,0.0,0.0,0.0,0.0,Cultivo abandonado
177,23,CÓRDOBA,23466,MONTELÍBANO,40.55,66.0,232.66,428.0,1021.0,376.0,360.0,621.0,681.0,835.0,240.0,224.0,43.0,77.0,186.65,573.86,1181.13,974.04,540.63,762.04,1143.27,1054.73,Cultivo permanente
178,23,CÓRDOBA,23580,PUERTO LIBERTADOR,270.78,141.0,193.0,339.0,978.0,447.0,1084.0,464.0,728.0,579.0,243.0,214.0,36.0,64.0,207.45,570.62,1412.22,1013.93,855.85,1148.96,1374.26,1318.84,Cultivo permanente
179,23,CÓRDOBA,23682,SAN JOSÉ DE URÉ,0.0,0.0,0.0,0.0,0.0,0.0,0.0,0.0,0.0,0.0,0.0,99.0,13.0,42.0,97.97,231.94,552.7,441.7,340.85,514.16,575.76,520.37,Cultivo permanente
180,23,CÓRDOBA,23807,TIERRALTA,322.01,178.0,399.0,669.0,1124.0,389.0,414.0,624.0,1360.0,2474.0,604.0,509.0,341.0,376.0,858.62,1290.07,1629.68,2201.26,1140.24,1319.84,2379.48,3451.51,Cultivo permanente
181,23,CÓRDOBA,23855,VALENCIA,0.0,0.0,13.04,99.0,13.0,4.0,0.0,1.0,12.0,1.0,1.0,0.0,6.0,1.0,12.31,1.8,4.71,5.48,4.29,3.82,7.65,18.34,Cultivo permanente
182,25,CUNDINAMARCA,25148,CAPARRAPÍ,0.0,0.0,0.0,0.0,0.0,3.0,4.0,0.0,0.0,1.0,1.0,0.0,0.0,0.0,0.0,0.0,0.0,0.0,0.0,0.0,0.0,0.0,Cultivo abandonado
183,25,CUNDINAMARCA,25518,PAIME,0.0,0.0,12.0,4.0,0.0,2.0,2.0,0.0,0.0,0.0,0.0,0.0,0.0,0.0,0.0,0.0,0.0,0.0,0.0,0.0,0.0,0.0,Cultivo abandonado
184,25,CUNDINAMARCA,25823,TOPAIPÍ,0.0,0.0,5.94,8.0,0.0,2.0,1.0,0.0,0.0,0.0,0.0,0.0,0.0,0.0,0.0,0.0,0.0,0.0,0.0,0.0,0.0,0.0,Cultivo abandonado
185,25,CUNDINAMARCA,25885,YACOPÍ,1.62,57.0,39.0,60.0,56.0,113.0,124.0,12.0,0.0,31.0,17.0,0.0,0.0,0.0,0.0,0.0,0.0,0.0,0.0,0.0,0.0,0.0,Cultivo abandonado
186,94,GUAINÍA,94343,BARRANCO MINA ,363.81,232.0,405.0,342.0,396.0,362.0,308.0,155.0,275.0,122.0,89.0,67.0,30.0,11.0,4.34,2.28,0.0,0.0,0.0,0.0,0.0,0.0,Cultivo abandonado
187,94,GUAINÍA,94001,INIRIDA,276.0,247.0,137.0,134.0,182.0,186.0,150.0,187.0,114.0,147.0,135.0,105.0,27.0,19.0,0.0,0.0,0.0,0.0,0.0,0.0,0.0,0.0,Cultivo abandonado
188,94,GUAINÍA,94663,MAPIRIPANA ,0.0,0.0,0.0,0.0,0.0,0.0,0.0,0.0,0.0,0.0,0.0,50.0,19.0,28.0,16.71,3.46,3.72,0.0,0.0,0.0,0.0,0.0,Cultivo abandonado
189,94,GUAINÍA,94888,MORICHAL  ,221.0,114.0,162.0,185.0,117.0,164.0,102.0,117.0,77.0,93.0,66.0,62.0,4.0,3.0,15.68,15.87,26.82,41.22,22.27,19.15,48.69,36.92,Cultivo permanente
190,94,GUAINÍA,94887,PANÁ PANÁ  ,68.0,38.0,7.0,43.0,38.0,27.0,28.0,40.0,30.0,29.0,28.0,12.0,1.0,2.0,0.0,0.0,0.0,0.0,0.0,0.0,0.0,0.0,Cultivo abandonado
191,94,GUAINÍA,94884,PUERTO COLOMBIA ,191.0,117.0,15.0,17.28,19.0,14.0,35.0,126.0,42.0,55.0,0.0,5.0,0.0,3.0,0.0,0.0,0.0,0.0,0.0,0.0,0.0,0.0,Cultivo abandonado
192,95,GUAVIARE,95015,CALAMAR,4966.03,4297.0,2172.0,1186.0,1175.0,1497.0,1147.0,808.0,721.0,546.0,862.0,458.0,399.0,614.0,455.19,542.29,416.39,241.84,144.52,189.29,202.59,190.3,Cultivo permanente
193,95,GUAVIARE,95025,EL RETORNO,4230.99,4458.0,5070.0,3183.0,2648.0,2799.0,3272.0,2415.0,2371.0,1732.0,1701.0,1028.0,1314.0,1600.0,1615.35,2191.55,1405.66,1545.09,1194.71,1265.32,1648.79,2191.86,Cultivo permanente
194,95,GUAVIARE,95200,MIRAFLORES,11777.05,14606.0,2248.0,1646.0,1704.0,1382.0,1699.0,1263.0,2325.0,1719.0,2590.0,1391.0,1780.0,1922.0,1851.54,2297.16,1699.29,1378.4,1021.83,1060.44,1297.25,1115.97,Cultivo permanente
195,95,GUAVIARE,95001,SAN JOSÉ DEL GUAVIARE,3089.5,4019.0,6673.0,3755.0,3131.0,3799.0,3181.0,2143.0,2907.0,1704.0,1686.0,973.0,1232.0,1522.0,1501.04,1806.99,1401.33,1174.63,757.79,711.6,1286.59,1436.58,Cultivo permanente
196,44,LA GUAJIRA,44090,DIBULLA,193.71,349.0,275.31,556.0,327.0,166.0,87.0,160.0,163.0,132.0,16.0,10.0,6.0,0.0,0.0,0.0,1.69,1.61,0.0,0.0,0.0,0.0,Cultivo intermintente
197,44,LA GUAJIRA,44001,RIOHACHA,0.0,5.0,0.21,0.0,2.0,0.0,0.0,0.0,0.0,2.0,0.0,0.0,0.0,0.0,0.0,0.0,0.0,0.0,0.0,0.0,0.0,0.0,Cultivo abandonado
198,47,MAGDALENA,47053,ARACATACA,0.0,0.0,0.0,0.0,0.0,0.0,0.0,0.0,22.0,36.0,13.0,6.0,1.0,1.0,2.09,0.0,0.0,0.0,0.0,0.0,0.0,0.0,Cultivo abandonado
199,47,MAGDALENA,47189,CIÉNAGA,11.67,1.0,45.13,6.0,0.0,13.0,1.0,23.0,4.0,20.0,3.0,3.0,0.0,0.0,0.0,0.0,0.0,0.0,0.0,0.0,0.0,0.0,Cultivo abandonado
200,47,MAGDALENA,47288,FUNDACIÓN,0.0,0.0,0.0,0.0,0.0,0.0,0.0,0.0,15.0,0.0,0.0,0.0,1.0,0.0,0.0,0.0,0.0,0.0,0.0,0.0,0.0,0.0,Cultivo abandonado
201,47,MAGDALENA,47001,SANTA MARTA ,438.58,643.0,439.0,700.0,213.0,258.0,277.0,368.0,111.0,65.0,30.0,28.0,35.0,8.0,4.72,34.93,7.88,12.45,6.88,2.07,2.49,3.0,Cultivo permanente
202,50,META,50350,LA MACARENA,4203.06,2084.0,1033.0,1422.0,660.0,574.0,565.0,218.0,189.0,186.0,151.0,228.0,307.0,1431.0,1333.11,1635.22,1647.55,560.18,177.89,53.85,73.8,77.0,Cultivo permanente
203,50,META,50400,LEJANÍAS,0.0,0.0,0.0,0.0,0.0,0.0,0.0,0.0,0.0,0.0,0.0,0.0,0.0,3.0,0.0,0.0,0.0,0.0,0.0,0.0,0.0,0.0,Cultivo abandonado
204,50,META,50325,MAPIRIPÁN,1805.41,2141.0,5368.0,2657.0,2658.0,3311.0,2230.0,2180.0,2123.0,1144.0,1109.0,144.0,437.0,180.0,235.28,338.43,315.66,231.86,134.8,130.45,284.57,445.79,Cultivo permanente
205,50,META,50330,MESETAS,533.66,619.0,533.0,262.0,143.0,67.0,56.0,62.0,19.0,7.0,0.0,29.0,37.0,79.0,78.5,104.19,86.72,45.15,0.0,0.0,0.0,0.0,Cultivo intermintente
206,50,META,50450,PUERTO CONCORDIA,147.16,299.0,769.0,943.0,363.0,439.0,182.0,75.0,82.0,76.0,91.0,70.0,49.0,82.0,50.25,63.87,77.84,35.02,18.99,14.02,14.21,30.87,Cultivo permanente
207,50,META,50568,PUERTO GAITÁN,111.41,147.0,641.0,1518.0,168.0,214.0,231.0,386.0,212.0,181.0,122.0,86.0,7.0,3.0,0.0,0.0,0.0,0.0,0.0,0.0,0.0,0.0,Cultivo abandonado
208,50,META,50577,PUERTO LLERAS,45.78,102.0,171.0,1261.0,1511.0,578.0,494.0,134.0,30.0,13.0,20.0,31.0,14.0,8.0,13.35,27.39,24.15,9.32,0.0,0.0,0.0,0.0,Cultivo intermintente
209,50,META,50573,PUERTO LÓPEZ,0.0,0.0,0.27,0.0,0.0,0.0,0.0,0.0,0.0,0.0,0.0,0.0,0.0,0.0,0.0,0.0,0.0,0.0,0.0,0.0,0.0,0.0,Cultivo abandonado
210,50,META,50590,PUERTO RICO,1701.2,2426.0,2437.0,6393.0,7040.0,3519.0,2658.0,938.0,860.0,757.0,883.0,1064.0,1101.0,1616.0,1619.74,1592.76,1773.19,1081.9,616.78,578.94,745.97,748.34,Cultivo permanente
211,50,META,50683,SAN JUAN DE ARAMA,35.26,17.0,17.02,18.0,49.0,17.0,116.0,39.0,27.0,87.0,48.0,29.0,91.0,121.0,155.83,48.4,70.28,46.09,24.3,19.49,15.7,17.69,Cultivo permanente
212,50,META,50689,SAN MARTÍN,0.0,3.0,7.1,161.0,8.0,23.0,1.0,0.0,0.0,0.0,19.0,0.0,0.0,0.0,0.0,0.0,0.0,0.0,0.0,0.0,0.0,0.0,Cultivo abandonado
213,50,META,50370,URIBE,880.21,452.0,481.0,632.0,264.0,32.0,61.0,6.0,8.0,36.0,72.0,110.0,49.0,182.0,162.77,202.29,108.77,78.44,4.62,10.84,0.0,0.0,Cultivo intermintente
214,50,META,50711,VISTAHERMOSA,1283.23,929.0,1357.0,3473.0,4441.0,2289.0,3792.0,1487.0,745.0,521.0,524.0,908.0,806.0,1337.0,1353.19,1451.32,1473.05,856.63,488.19,427.27,505.57,513.93,Cultivo permanente
215,52,NARIÑO,52036,ANCUYA,0.0,0.0,0.0,0.0,43.0,0.0,17.0,2.0,3.0,0.0,0.0,0.0,0.0,3.0,21.0,24.25,45.6,24.63,16.31,14.89,56.07,57.73,Cultivo intermintente
216,52,NARIÑO,52079,BARBACOAS,713.7,2187.0,2767.0,1469.0,1920.0,1460.0,1586.0,3080.0,2928.0,3433.0,3193.0,1815.0,1511.0,1330.0,2453.49,3359.37,4590.5,3516.29,3138.09,2569.39,3463.17,3773.06,Cultivo permanente
217,52,NARIÑO,52110,BUESACO,0.0,0.0,0.0,0.0,0.0,0.0,0.0,0.0,0.0,0.0,0.0,4.0,0.0,0.0,0.0,0.0,0.0,0.0,0.0,0.0,0.0,0.0,Cultivo abandonado
218,52,NARIÑO,52207,CONSACÁ,0.0,0.0,0.0,0.0,5.0,0.0,0.0,0.0,0.0,0.0,0.0,0.0,0.0,0.0,0.0,0.0,0.0,0.0,0.0,0.0,0.0,0.0,Cultivo abandonado
219,52,NARIÑO,52210,CONTADERO,2.0,0.0,0.0,0.0,0.0,0.0,0.0,0.0,0.0,0.0,0.0,0.0,0.0,0.0,0.0,0.0,0.0,0.0,0.0,0.0,0.0,0.0,Cultivo abandonado
220,52,NARIÑO,52215,CÓRDOBA,1.0,0.0,0.0,0.0,0.0,0.0,0.0,0.0,0.0,0.0,0.0,0.0,0.0,0.0,0.0,0.0,0.0,0.0,0.0,0.0,0.0,0.0,Cultivo abandonado
221,52,NARIÑO,52227,CUMBAL,0.0,0.0,0.0,0.0,0.0,2.0,0.0,0.0,0.0,0.0,0.0,0.0,0.0,0.0,0.0,0.0,0.0,0.0,0.0,0.0,0.0,0.0,Cultivo abandonado
222,52,NARIÑO,52233,CUMBITARA,3.0,140.0,301.0,127.2,329.0,483.0,452.0,250.0,451.0,221.0,194.0,97.0,115.0,107.0,209.49,527.3,666.8,778.23,684.38,504.04,1387.76,1211.68,Cultivo permanente
223,52,NARIÑO,52250,EL CHARCO,984.49,798.0,699.0,649.0,741.0,741.0,1728.0,2202.0,1130.0,748.0,1080.0,702.0,1020.0,1263.0,1417.79,2819.91,4630.67,5147.73,5318.32,4674.02,8952.35,8694.67,Cultivo permanente
224,52,NARIÑO,52254,EL PEÑOL,0.0,0.0,0.0,0.0,0.0,0.0,91.0,0.0,19.0,86.0,0.0,0.0,1.0,23.0,34.9,51.17,97.31,55.8,50.42,36.62,79.38,72.56,Cultivo permanente
225,52,NARIÑO,52256,EL ROSARIO,28.23,102.0,230.0,221.0,508.0,372.0,434.0,273.0,290.0,253.0,203.0,169.0,127.0,133.0,244.55,573.94,765.36,842.49,782.2,659.08,1576.82,1463.36,Cultivo permanente
226,52,NARIÑO,52260,EL TAMBO,0.0,0.0,0.0,0.0,7.0,0.0,13.0,2.0,4.0,65.0,0.0,0.0,1.0,20.0,114.28,97.62,176.28,98.48,60.07,47.69,115.58,98.87,Cultivo permanente
227,52,NARIÑO,52520,FRANCISCO PIZARRO ,37.42,45.0,16.0,107.0,153.0,192.0,501.0,407.0,189.0,189.0,207.0,59.0,61.0,66.0,91.8,157.38,258.1,304.75,347.51,316.37,501.53,537.65,Cultivo permanente
228,52,NARIÑO,52356,IPIALES,1130.45,350.0,212.0,520.0,629.0,357.0,123.0,215.0,192.0,139.0,247.0,162.0,370.0,664.0,887.49,1132.06,1273.67,928.49,1204.24,967.25,1282.11,1815.79,Cultivo permanente
229,52,NARIÑO,52381,LA FLORIDA,0.0,0.0,0.0,0.0,0.0,0.0,0.0,0.0,0.0,0.0,0.0,0.0,0.0,3.0,30.06,51.43,83.95,39.87,22.73,14.3,40.87,55.72,Cultivo intermintente
230,52,NARIÑO,52385,LA LLANADA,0.0,12.0,5.88,0.0,1.0,4.0,0.0,7.0,35.0,24.0,3.0,5.0,3.0,28.0,53.35,83.82,146.45,142.47,103.92,86.54,142.44,139.41,Cultivo permanente
231,52,NARIÑO,52390,LA TOLA,15.0,29.0,1.89,94.0,27.0,75.0,184.0,164.0,465.0,139.0,63.0,31.0,41.0,78.0,120.36,119.83,292.3,280.36,279.54,263.19,661.19,527.11,Cultivo permanente
232,52,NARIÑO,52405,LEIVA,10.0,0.0,41.0,40.0,58.0,0.0,185.0,66.0,24.0,36.0,35.0,7.0,2.0,11.0,39.73,212.79,279.18,290.17,272.01,273.54,642.48,580.08,Cultivo permanente
233,52,NARIÑO,52411,LINARES,0.0,0.0,0.0,0.0,43.0,0.0,22.0,5.0,11.0,96.0,15.0,100.0,52.0,122.0,262.52,284.66,558.06,504.71,419.55,368.25,568.55,544.84,Cultivo permanente
234,52,NARIÑO,52418,LOS ANDES ,0.0,0.0,0.0,0.0,0.0,1.0,81.0,2.0,18.0,103.0,33.0,26.0,55.0,93.0,166.25,177.57,364.39,294.95,261.89,202.48,446.07,386.42,Cultivo permanente
235,52,NARIÑO,52427,MAGÜÍ ,1693.61,2398.0,3532.0,2175.0,2139.0,1002.0,2593.0,2240.0,1323.0,1207.0,1563.0,494.0,478.0,586.0,861.96,1273.22,1716.95,2023.63,2148.19,2123.03,3363.19,3747.99,Cultivo permanente
236,52,NARIÑO,52435,MALLAMA ,0.0,0.0,0.07,0.0,0.0,0.0,1.0,3.0,0.0,0.0,0.0,0.0,0.0,0.0,0.0,0.0,1.16,18.12,16.32,13.21,20.81,18.01,Cultivo intermintente
237,52,NARIÑO,52473,MOSQUERA,33.97,119.0,55.0,289.0,38.0,34.0,188.0,140.0,129.0,84.0,222.0,76.0,115.0,118.0,159.05,239.9,218.44,227.25,199.71,249.87,474.07,376.23,Cultivo permanente
238,52,NARIÑO,52490,OLAYA HERRERA ,14.0,690.0,506.0,575.0,517.0,870.0,1972.0,1286.0,1452.0,612.0,1104.0,712.0,719.0,1445.0,2173.01,2572.72,3355.53,3504.58,3561.9,2898.08,6040.57,4994.15,Cultivo permanente
239,52,NARIÑO,52540,POLICARPA,15.0,29.0,215.0,236.0,212.0,545.0,773.0,221.0,389.0,235.0,202.0,165.0,301.0,199.0,326.09,733.27,960.41,936.4,794.31,646.18,1471.86,1291.86,Cultivo permanente
240,52,NARIÑO,52573,PUERRES,1.0,1.0,0.0,0.0,0.0,0.0,0.0,0.0,0.0,0.0,0.0,0.0,0.0,0.0,0.0,0.0,0.0,0.0,0.0,0.0,0.0,0.0,Cultivo abandonado
241,52,NARIÑO,52612,RICAURTE,8.0,23.0,15.92,93.0,1.0,52.0,53.0,6.0,67.0,75.0,68.0,61.0,106.0,93.0,125.81,333.0,784.16,808.56,640.93,565.27,839.1,810.06,Cultivo permanente
242,52,NARIÑO,52621,ROBERTO PAYÁN ,1048.21,2361.0,3509.0,2409.0,2265.0,1011.0,2896.0,2336.0,1539.0,1585.0,2058.0,460.0,858.0,1147.0,1938.22,2404.27,2733.71,2852.94,2990.16,2940.45,3059.39,4869.69,Cultivo permanente
243,52,NARIÑO,52678,SAMANIEGO,0.0,5.0,8.94,0.0,7.0,46.0,24.0,120.0,281.0,531.0,551.0,226.0,336.0,402.0,742.71,1394.6,869.33,856.85,701.62,576.36,773.87,676.78,Cultivo permanente
244,52,NARIÑO,52693,SAN PABLO,0.0,0.0,3.91,0.0,0.0,1.0,0.0,0.0,0.0,0.0,0.0,0.0,0.0,0.0,0.0,0.0,0.0,0.0,0.0,0.0,0.0,0.0,Cultivo abandonado
245,52,NARIÑO,52683,SANDONÁ,0.0,0.0,0.0,0.0,15.0,11.0,0.0,0.0,0.0,0.0,0.0,0.0,0.0,1.0,4.64,8.28,16.13,8.82,7.0,7.34,22.59,33.95,Cultivo intermintente
246,52,NARIÑO,52696,SANTA BÁRBARA ,232.7,258.0,274.0,345.0,213.0,1303.0,700.0,706.0,802.0,615.0,587.0,294.0,279.0,368.0,283.68,785.28,530.17,560.34,486.34,426.76,1595.08,1571.38,Cultivo permanente
247,52,NARIÑO,52699,SANTA CRUZ ,0.0,0.0,0.0,0.0,0.0,0.0,0.0,14.0,4.0,11.0,10.0,3.0,14.0,19.0,33.02,61.79,803.08,809.55,626.34,474.26,829.93,677.54,Cultivo permanente
248,52,NARIÑO,52835,TUMACO,1421.36,5585.0,5234.0,4806.0,4004.0,7045.0,5642.0,5865.0,4682.0,5464.0,5593.0,5065.0,6612.0,8963.0,16960.24,23147.95,19516.93,16046.85,11830.26,8832.92,18109.11,20719.9,Cultivo permanente
249,54,NORTE DE SANTANDER,54003,ÁBREGO,0.0,0.0,0.0,7.0,0.0,0.0,0.0,0.0,8.0,0.0,15.0,20.0,13.0,17.0,22.12,24.03,65.45,73.29,84.43,114.46,88.82,87.41,Cultivo permanente
250,54,NORTE DE SANTANDER,54109,BUCARASICA,0.0,0.0,20.0,0.0,0.0,3.0,2.0,3.0,0.0,0.0,6.0,5.0,3.0,3.0,0.0,0.0,3.82,10.64,18.48,41.24,4.87,15.86,Cultivo intermintente
251,54,NORTE DE SANTANDER,54128,CÁCHIRA,0.0,0.0,0.0,0.0,0.0,0.0,2.0,71.0,51.0,37.0,164.0,38.0,16.0,15.0,10.32,15.42,0.0,0.0,0.0,0.0,0.0,0.0,Cultivo abandonado
252,54,NORTE DE SANTANDER,54206,CONVENCIÓN,13.41,33.0,39.0,181.0,15.0,15.0,41.0,54.0,225.0,68.0,180.0,356.0,999.0,553.0,855.88,890.62,1315.66,1686.74,2018.0,2307.93,2004.46,1914.61,Cultivo permanente
253,54,NORTE DE SANTANDER,54001,CÚCUTA,34.05,47.0,43.08,17.0,0.0,0.0,0.0,1.0,38.0,10.0,32.0,38.0,61.0,33.0,55.96,280.97,323.11,316.89,368.82,373.01,478.86,426.76,Cultivo permanente
254,54,NORTE DE SANTANDER,54245,EL CARMEN,4.39,24.0,102.0,212.0,0.0,5.0,58.0,285.0,215.0,86.0,212.0,222.0,871.0,436.0,568.84,664.27,758.44,702.19,1156.82,1181.89,887.6,817.8,Cultivo permanente
255,54,NORTE DE SANTANDER,54250,EL TARRA,589.64,524.0,544.0,783.0,219.0,104.0,764.0,480.0,314.0,217.0,410.0,566.0,662.0,809.0,2074.54,3682.7,4300.6,4916.63,5724.83,5916.4,6248.08,6390.46,Cultivo permanente
256,54,NORTE DE SANTANDER,54261,EL ZULIA,13.37,36.0,26.11,22.0,0.0,0.0,0.0,17.0,10.0,2.0,41.0,18.0,25.0,13.0,14.07,94.1,134.14,152.03,167.66,160.87,220.16,199.19,Cultivo permanente
257,54,NORTE DE SANTANDER,54344,HACARÍ,21.71,9.0,14.74,74.0,30.0,15.0,0.0,0.0,0.0,1.0,48.0,59.0,51.0,103.0,152.46,214.94,386.77,402.71,583.99,572.5,531.94,580.87,Cultivo permanente
258,54,NORTE DE SANTANDER,54385,LA ESPERANZA,0.0,1.0,0.0,0.0,0.0,0.0,64.0,121.0,73.0,61.0,92.0,45.0,30.0,7.0,8.84,11.91,2.02,2.4,5.13,4.86,4.72,0.0,Cultivo intermintente
259,54,NORTE DE SANTANDER,54398,LA PLAYA,0.0,0.0,0.0,0.0,0.0,0.0,0.0,0.0,1.0,0.0,26.0,4.0,0.0,15.0,5.41,6.13,25.59,26.83,42.37,32.71,25.99,26.78,Cultivo intermintente
260,54,NORTE DE SANTANDER,54418,LOURDES,0.0,0.0,4.99,0.0,0.0,3.0,0.0,0.0,0.0,0.0,3.0,1.0,0.0,0.0,0.0,0.0,0.0,0.0,0.0,0.0,0.0,0.0,Cultivo abandonado
261,54,NORTE DE SANTANDER,54498,OCAÑA,0.0,0.0,0.0,0.0,0.0,0.0,0.0,0.0,0.0,0.0,0.0,0.0,1.0,4.0,6.97,9.04,10.62,42.12,47.73,17.57,24.24,16.48,Cultivo permanente
262,54,NORTE DE SANTANDER,54670,SAN CALIXTO,19.56,9.0,13.26,136.0,25.0,13.0,34.0,62.0,42.0,0.0,66.0,134.0,208.0,181.0,736.53,445.04,640.32,765.34,1130.19,1206.77,965.93,959.31,Cultivo permanente
263,54,NORTE DE SANTANDER,54720,SARDINATA,586.05,793.0,864.0,158.0,47.0,26.0,93.0,463.0,245.0,193.0,1125.0,723.0,837.0,1078.0,865.94,3847.36,4112.41,5487.34,6515.98,4602.98,5135.03,4727.37,Cultivo permanente
264,54,NORTE DE SANTANDER,54800,TEORAMA,679.19,217.0,393.0,200.0,84.0,42.0,186.0,296.0,509.0,271.0,298.0,628.0,663.0,680.0,1770.15,1856.7,2479.63,2915.98,3953.83,4216.63,3714.85,3790.4,Cultivo permanente
265,54,NORTE DE SANTANDER,54810,TIBÚ,9677.49,6340.0,2398.0,1266.0,424.0,262.0,702.0,1033.0,982.0,943.0,772.0,1658.0,1905.0,2997.0,4379.08,12787.38,13685.69,16096.74,19892.71,19333.88,22229.6,22081.53,Cultivo permanente
266,54,NORTE DE SANTANDER,54820,TOLEDO,80.11,9.0,8.92,0.0,0.0,0.0,0.0,0.0,0.0,0.0,0.0,0.0,0.0,0.0,0.0,0.0,0.0,0.0,0.0,0.0,0.0,0.0,Cultivo abandonado
267,86,PUTUMAYO,86001,MOCOA,112.0,122.0,91.0,27.04,69.0,145.0,142.0,97.0,37.0,15.0,48.0,107.0,49.0,105.0,106.88,111.2,76.23,70.14,77.08,18.22,44.97,91.63,Cultivo permanente
268,86,PUTUMAYO,86320,ORITO,7629.19,1442.0,352.0,516.0,523.0,1153.0,1740.0,1269.0,583.0,556.0,1086.0,428.0,784.0,1639.0,2189.8,2987.87,3969.91,3949.26,3073.3,2212.62,4421.85,8085.63,Cultivo permanente
269,86,PUTUMAYO,86568,PUERTO ASÍS,8679.57,2898.0,1527.0,543.0,1414.0,2509.0,4531.0,2627.0,1225.0,1551.0,2735.0,1463.0,2150.0,4437.0,6052.03,7453.44,9664.6,7657.88,6809.74,5701.55,7469.92,11504.0,Cultivo permanente
270,86,PUTUMAYO,86569,PUERTO CAICEDO,2340.0,709.0,210.0,141.0,330.0,547.0,929.0,449.0,326.0,281.0,854.0,526.0,682.0,1046.0,1481.21,1782.14,2998.37,2905.02,2616.56,1929.34,2727.81,4658.12,Cultivo permanente
271,86,PUTUMAYO,86571,PUERTO GUZMÁN,4184.77,2494.0,2297.0,1050.0,1928.0,2118.0,1827.0,1077.0,794.0,623.0,1413.0,656.0,624.0,915.0,1298.66,1584.84,2029.9,2014.05,1749.87,1063.81,1457.47,2724.4,Cultivo permanente
272,86,PUTUMAYO,86573,PUERTO LEGUÍZAMO,3831.27,3187.0,1454.0,1275.0,2546.0,2562.0,1530.0,1653.0,1150.0,1044.0,1696.0,1218.0,1077.0,1276.0,1804.8,1992.38,1403.95,1104.11,1651.81,1390.14,1924.43,4285.46,Cultivo permanente
273,86,PUTUMAYO,86757,SAN MIGUEL ,4041.29,903.0,600.0,194.4,661.0,756.0,867.0,481.0,263.0,136.0,499.0,416.0,659.0,1094.0,2338.17,3128.4,3553.66,3329.07,3752.43,3603.69,4106.15,6439.95,Cultivo permanente
274,86,PUTUMAYO,86760,SANTIAGO,11.0,8.0,0.0,0.0,3.0,6.0,0.0,8.0,3.0,3.0,0.0,2.0,4.0,6.0,4.64,5.28,0.0,0.0,0.0,0.0,0.0,0.0,Cultivo abandonado
275,86,PUTUMAYO,86865,VALLE DEL GUAMUEZ ,9269.25,1553.0,850.0,471.0,1033.0,1896.0,2334.0,1319.0,583.0,335.0,1010.0,644.0,1093.0,2050.0,3660.05,4885.79,4132.44,3362.77,3539.45,3353.95,4694.37,7958.61,Cultivo permanente
276,86,PUTUMAYO,86885,VILLAGARZÓN,952.06,410.0,178.0,169.0,456.0,561.0,913.0,678.0,353.0,241.0,611.0,688.0,545.0,1041.0,1131.39,1231.07,1759.91,2015.26,1702.67,712.86,1358.24,2286.63,Cultivo permanente
277,68,SANTANDER,68020,ALBANIA,0.0,5.0,0.0,2.07,0.0,0.0,0.0,0.0,0.0,0.0,0.0,0.0,0.0,0.0,0.0,0.0,0.0,0.0,0.0,0.0,0.0,0.0,Cultivo abandonado
278,68,SANTANDER,68092,BETULIA,0.0,0.0,0.0,62.0,54.0,10.0,35.0,0.0,0.0,0.0,0.0,0.0,0.0,0.0,0.0,0.0,0.0,0.0,0.0,0.0,0.0,0.0,Cultivo abandonado
279,68,SANTANDER,68101,BOLÍVAR,92.55,101.0,307.0,487.0,393.0,284.0,742.0,690.0,272.0,165.0,159.0,30.0,28.0,5.0,4.62,14.58,6.82,3.63,0.0,0.0,3.04,6.04,Cultivo intermintente
280,68,SANTANDER,68176,CHIMA,0.0,10.0,0.0,0.0,0.0,0.0,0.0,0.0,0.0,0.0,0.0,0.0,0.0,0.0,0.0,0.0,0.0,0.0,0.0,0.0,0.0,0.0,Cultivo abandonado
281,68,SANTANDER,68190,CIMITARRA,26.89,120.0,96.0,157.0,84.0,66.0,100.0,330.0,159.0,106.0,45.0,9.0,2.0,0.0,0.0,0.0,3.04,1.55,0.0,0.0,4.68,6.35,Cultivo intermintente
282,68,SANTANDER,68209,CONFINES,0.0,1.0,0.0,0.0,0.0,0.0,0.0,0.0,0.0,0.0,0.0,0.0,0.0,0.0,0.0,0.0,0.0,0.0,0.0,0.0,0.0,0.0,Cultivo abandonado
283,68,SANTANDER,68211,CONTRATACIÓN,0.0,0.0,0.0,0.0,0.0,0.0,0.0,0.0,5.0,0.0,0.0,0.0,0.0,0.0,0.0,0.0,0.0,0.0,0.0,0.0,0.0,0.0,Cultivo abandonado
284,68,SANTANDER,68235,EL CARMEN,0.0,18.0,0.0,0.0,3.0,8.0,4.0,3.0,17.0,0.0,0.0,2.0,0.0,0.0,1.16,4.92,4.51,2.84,0.0,0.0,0.0,0.0,Cultivo intermintente
285,68,SANTANDER,68250,EL PEÑÓN,3.0,0.0,18.27,24.0,21.0,32.0,8.0,36.0,23.0,14.0,3.0,0.0,0.0,1.0,0.0,0.0,0.0,2.24,0.0,0.0,0.0,0.0,Cultivo intermintente
286,68,SANTANDER,68255,EL PLAYÓN,0.0,0.0,0.0,0.0,0.0,0.0,0.0,10.0,14.0,12.0,60.0,2.0,5.0,5.0,2.56,0.0,0.0,0.0,0.0,0.0,0.0,0.0,Cultivo abandonado
287,68,SANTANDER,68271,FLORIÁN,0.0,0.0,8.92,7.0,0.0,6.0,6.0,0.0,0.0,0.0,0.0,0.0,0.0,0.0,0.0,0.0,0.0,0.0,0.0,0.0,0.0,0.0,Cultivo abandonado
288,68,SANTANDER,68322,GUAPOTÁ,0.0,0.0,0.0,1.0,0.0,0.0,0.0,0.0,0.0,0.0,0.0,0.0,0.0,0.0,0.0,0.0,0.0,0.0,0.0,0.0,0.0,0.0,Cultivo abandonado
289,68,SANTANDER,68324,GUAVATÁ,0.0,0.0,0.0,14.32,0.0,0.0,0.0,0.0,0.0,0.0,0.0,0.0,0.0,0.0,0.0,0.0,0.0,0.0,0.0,0.0,0.0,0.0,Cultivo abandonado
290,68,SANTANDER,68377,LA BELLEZA,22.06,25.0,25.56,96.0,73.0,96.0,53.0,94.0,72.0,31.0,77.0,7.0,3.0,1.0,0.0,0.0,0.0,0.0,0.0,0.0,0.0,2.91,Cultivo intermintente
291,68,SANTANDER,68397,LA PAZ,0.0,0.0,4.98,1.0,0.0,0.0,0.0,0.0,10.0,0.0,0.0,0.0,0.0,0.0,0.0,0.0,0.0,0.0,0.0,0.0,0.0,0.0,Cultivo abandonado
292,68,SANTANDER,68385,LANDÁZURI,12.65,43.0,0.91,23.18,77.0,107.0,63.0,126.0,75.0,78.0,34.0,14.0,1.0,1.0,0.0,0.0,0.0,0.0,0.0,0.0,0.0,0.0,Cultivo abandonado
293,68,SANTANDER,68524,PALMAS DEL SOCORRO,0.0,1.0,0.0,0.0,0.0,0.0,0.0,0.0,0.0,0.0,0.0,0.0,0.0,0.0,0.0,0.0,0.0,0.0,0.0,0.0,0.0,0.0,Cultivo abandonado
294,68,SANTANDER,68573,PUERTO PARRA,0.0,19.0,2.79,5.0,28.0,16.0,44.0,41.0,21.0,27.0,16.0,5.0,0.0,0.0,0.0,0.0,0.0,0.0,0.0,0.0,0.0,0.0,Cultivo abandonado
295,68,SANTANDER,68615,RIONEGRO,0.0,1.0,0.0,0.0,0.0,0.0,0.0,3.0,21.0,23.0,51.0,2.0,5.0,2.0,1.98,2.24,5.68,0.0,1.21,1.44,0.0,0.0,Cultivo intermintente
296,68,SANTANDER,68655,SABANA DE TORRES,0.0,0.0,0.0,0.0,0.0,0.0,8.0,0.0,0.0,0.0,0.0,0.0,0.0,0.0,0.0,0.0,0.0,0.0,0.0,0.0,0.0,0.0,Cultivo abandonado
297,68,SANTANDER,68689,SAN VICENTE DE CHUCURÍ,0.0,0.0,0.0,18.81,27.0,4.0,23.0,0.0,1.0,0.0,0.0,0.0,0.0,0.0,0.0,0.0,0.0,0.0,0.0,0.0,0.0,0.0,Cultivo abandonado
298,68,SANTANDER,68720,SANTA HELENA DEL OPÓN,0.0,45.0,18.0,21.0,2.0,7.0,14.0,2.0,38.0,48.0,35.0,5.0,3.0,2.0,4.92,10.82,3.86,6.24,1.18,1.68,2.4,0.0,Cultivo intermintente
299,68,SANTANDER,68745,SIMACOTA,0.0,19.0,33.0,20.0,1.0,7.0,13.0,7.0,5.0,35.0,10.0,1.0,1.0,0.0,0.0,4.68,6.08,4.08,0.0,0.0,0.0,0.0,Cultivo intermintente
300,68,SANTANDER,68755,SOCORRO,0.0,2.0,0.0,0.0,0.0,0.0,0.0,0.0,0.0,0.0,0.0,0.0,0.0,0.0,0.0,0.0,0.0,0.0,0.0,0.0,0.0,0.0,Cultivo abandonado
301,68,SANTANDER,68773,SUCRE,3.0,55.0,109.0,173.0,199.0,205.0,204.0,449.0,191.0,95.0,86.0,31.0,26.0,7.0,3.39,0.0,0.0,0.0,0.0,0.0,0.0,0.0,Cultivo abandonado
302,68,SANTANDER,68861,VÉLEZ,0.0,0.0,7.29,12.18,19.0,18.0,8.0,0.0,29.0,39.0,19.0,2.0,3.0,1.0,2.03,0.0,0.0,0.0,0.0,0.0,0.0,0.0,Cultivo abandonado
303,76,VALLE DEL CAUCA,76100,BOLÍVAR,0.0,0.0,0.0,0.97,18.0,75.0,2.0,17.0,1.0,15.0,52.0,14.0,23.0,5.0,16.18,31.24,75.42,80.85,17.39,24.76,77.41,156.18,Cultivo permanente
304,76,VALLE DEL CAUCA,76109,BUENAVENTURA,186.35,66.0,32.0,44.0,10.0,149.0,400.0,1651.0,794.0,558.0,842.0,422.0,338.0,539.0,627.86,680.47,1030.16,987.23,918.49,907.79,1273.69,1301.22,Cultivo permanente
305,76,VALLE DEL CAUCA,76001,CALI,0.0,0.0,0.0,0.0,0.0,0.0,0.0,2.0,0.0,0.0,0.0,0.0,0.0,0.0,0.0,0.0,0.0,0.0,0.0,0.0,0.0,0.0,Cultivo abandonado
306,76,VALLE DEL CAUCA,76126,CALIMA ,0.0,0.0,5.0,0.0,0.0,57.0,51.0,386.0,134.0,92.0,73.0,46.0,31.0,16.0,24.36,33.55,43.6,44.93,14.54,13.56,45.1,48.77,Cultivo permanente
307,76,VALLE DEL CAUCA,76233,DAGUA,0.0,34.0,0.0,0.0,0.0,0.0,0.0,8.0,0.0,0.0,14.0,0.0,6.0,1.0,3.14,3.03,45.82,36.61,58.64,38.72,33.93,48.86,Cultivo permanente
308,76,VALLE DEL CAUCA,76364,JAMUNDÍ,0.0,11.0,0.0,0.0,0.0,0.0,0.0,25.0,0.0,0.0,0.0,0.0,0.0,0.0,18.44,3.64,61.56,116.92,1319.94,953.03,1159.51,1083.89,Cultivo intermintente
309,76,VALLE DEL CAUCA,76834,TULUÁ,0.0,0.0,0.0,0.0,0.0,0.0,0.0,0.0,0.0,0.0,0.0,0.0,0.0,0.0,0.0,0.0,4.75,4.02,0.0,0.0,0.0,0.0,Cultivo intermintente
310,97,VAUPÉS,97161,CARURÚ,1279.8,1125.0,827.0,638.0,386.0,189.0,157.0,168.0,63.0,60.0,100.0,105.0,125.0,92.0,31.03,96.66,105.46,64.74,25.95,39.33,28.81,17.05,Cultivo permanente
311,97,VAUPÉS,97001,MITÚ,380.52,269.0,230.0,389.0,262.0,259.0,125.0,331.0,190.0,424.0,111.0,125.0,54.0,16.0,1.61,0.0,0.0,0.0,0.0,0.0,0.0,0.0,Cultivo abandonado
312,97,VAUPÉS,97511,PACOA ,36.42,20.0,34.95,0.0,1.0,3.0,16.0,27.0,78.0,183.0,60.0,15.0,0.0,0.0,0.0,0.0,0.0,0.0,0.0,0.0,0.0,0.0,Cultivo abandonado
313,97,VAUPÉS,97777,PAPUNAUA ,73.02,58.0,7.89,33.0,21.0,9.0,5.0,26.0,15.0,27.0,1.0,6.0,4.0,1.0,0.0,0.0,0.0,0.0,0.0,0.0,0.0,0.0,Cultivo abandonado
314,97,VAUPÉS,97666,TARAIRA,0.0,0.0,0.0,0.0,0.0,0.0,0.0,0.0,1.0,14.0,5.0,1.0,0.0,0.0,0.0,0.0,0.0,0.0,0.0,0.0,0.0,0.0,Cultivo abandonado
315,97,VAUPÉS,97889,YAVARATÉ ,1.0,14.0,57.0,23.69,1.0,0.0,4.0,5.0,4.0,13.0,0.0,2.0,1.0,0.0,0.0,0.0,0.0,0.0,0.0,0.0,0.0,0.0,Cultivo abandonado
316,99,VICHADA,99773,CUMARIBO,7943.17,4846.0,3758.0,4629.0,7599.0,5470.0,7109.0,3128.0,3093.0,2705.0,2234.0,1234.0,710.0,507.0,683.14,699.19,652.72,549.97,245.3,120.98,310.83,282.7,Cultivo permanente
317,99,VICHADA,99524,LA PRIMAVERA,122.7,63.0,60.0,63.0,227.0,53.0,108.0,46.0,35.0,38.0,30.0,8.0,3.0,4.0,0.0,0.0,0.0,0.0,0.0,0.0,0.0,0.0,Cultivo abandonado
318,99,VICHADA,99624,SANTA ROSALÍA,0.0,0.0,0.0,0.0,0.0,0.0,1.0,0.0,12.0,0.0,0.0,0.0,0.0,0.0,0.0,0.0,0.0,0.0,0.0,0.0,0.0,0.0,Cultivo abandonado
