,AÑO,CODDEPTO,DEPARTAMENTO,POBLACIÓN,TASA_MATRICULACIÓN,COBERTURA_NETA,COBERTURA_BRUTA,DESERCIÓN,APROBACIÓN,REPROBACIÓN,REPITENCIA
0,2011,05,ANTIOQUIA,1288473,94.01,93.85,106.81,3.97,93.98,2.06,4.25
1,2011,08,ATLÁNTICO,523935,99.32,99.05,107.88,2.76,96.7,0.54,1.82
2,2011,11,"BOGOTÁ, D.C.",1479334,90.7,90.29,97.78,3.95,96.05,0.0,3.23
3,2011,13,BOLÍVAR,496676,91.57,91.4,110.41,3.14,94.76,2.1,4.43
4,2011,15,BOYACÁ,300501,86.16,86.11,104.15,3.07,94.2,2.73,2.62
5,2011,17,CALDAS,201185,87.04,86.98,98.13,4.13,90.62,5.25,4.67
6,2011,18,CAQUETÁ,124148,88.78,88.76,106.03,3.64,96.06,0.3,4.17
7,2011,19,CAUCA,328682,86.35,86.21,98.03,2.75,92.53,4.72,2.09
8,2011,20,CESAR,263789,94.75,94.57,110.47,7.07,90.54,2.39,1.67
9,2011,23,CÓRDOBA,405431,94.53,94.46,111.08,4.59,94.29,1.12,4.07
10,2011,25,CUNDINAMARCA,570954,92.13,91.93,103.34,3.6,95.58,0.89,2.7
11,2011,27,CHOCÓ,145587,83.79,83.79,110.17,4.29,93.5,2.21,0.42
12,2011,41,HUILA,275956,90.52,90.47,101.13,4.38,92.39,3.24,4.36
13,2011,44,LA GUAJIRA,231046,77.12,77.0,89.4,6.17,92.78,1.07,3.85
14,2011,47,MAGDALENA,333793,94.47,94.32,110.51,3.63,94.98,1.39,1.52
15,2011,50,META,209319,93.65,93.59,102.82,5.55,93.08,1.37,1.48
16,2011,52,NARIÑO,401313,80.53,80.5,93.96,10.17,89.97,1.4,2.53
17,2011,54,NORTE DE SANTANDER,324219,89.04,88.96,102.48,6.87,92.55,0.65,2.19
18,2011,63,QUINDIO,114075,90.87,90.83,103.95,5.04,92.43,2.53,1.36
19,2011,66,RISARALDA,192633,95.61,95.43,112.41,4.79,94.07,1.14,1.77
20,2011,68,SANTANDER,434034,92.49,92.4,103.43,3.68,94.25,2.07,2.92
21,2011,70,SUCRE,205779,103.27,103.2,123.04,6.74,86.31,7.1,0.46
22,2011,73,TOLIMA,325983,88.8,88.71,103.45,4.61,90.33,5.06,0.88
23,2011,76,VALLE DEL CAUCA,906602,88.51,88.33,101.5,4.24,90.69,5.07,2.3
24,2011,81,ARAUCA,73431,74.15,74.11,85.09,2.14,97.72,0.13,2.78
25,2011,85,CASANARE,85803,101.11,101.05,115.07,3.88,92.12,4.0,3.57
26,2011,86,PUTUMAYO,93828,80.46,80.46,93.62,4.18,95.61,0.21,3.37
27,2011,88,"ARCHIPIÉLAGO DE SAN ANDRÉS, PROVIDENCIA Y SANTA CATALINA",15852,67.28,67.23,73.8,1.72,96.73,1.55,3.63
28,2011,91,AMAZONAS,22223,82.34,82.32,94.53,5.46,91.16,3.38,5.15
29,2011,94,GUAINÍA,11920,74.87,74.87,95.52,10.94,73.92,15.5,0.77
30,2011,95,GUAVIARE,31133,64.04,64.02,78.3,9.02,91.15,0.18,2.41
31,2011,97,VAUPÉS,12690,62.18,62.18,72.29,9.94,81.16,8.89,6.15
32,2011,99,VICHADA,20360,73.07,72.98,82.08,7.33,91.77,0.9,3.54
33,2012,05,ANTIOQUIA,1278686,92.79,92.65,105.8,4.01,92.04,3.95,1.93
34,2012,08,ATLÁNTICO,523911,91.59,91.43,100.39,3.32,96.29,0.42,0.8
36,2012,13,BOLÍVAR,495108,88.97,88.87,103.53,3.39,92.83,3.78,2.4
37,2012,15,BOYACÁ,297132,85.7,85.64,99.96,3.23,91.92,4.86,2.0
38,2012,17,CALDAS,198526,84.55,84.5,96.6,4.64,88.95,6.4,4.32
39,2012,18,CAQUETÁ,124622,83.28,83.25,98.26,7.23,91.6,1.16,1.16
40,2012,19,CAUCA,325212,83.48,83.4,102.15,4.02,92.05,3.93,1.15
41,2012,20,CESAR,263271,94.15,94.01,109.0,5.13,90.08,4.8,1.49
42,2012,23,CÓRDOBA,405302,93.78,93.69,110.73,2.95,95.33,1.72,2.56
43,2012,25,CUNDINAMARCA,571082,91.17,90.97,101.88,2.94,95.84,1.22,2.02
44,2012,27,CHOCÓ,145607,80.97,80.95,99.64,2.09,91.88,6.03,0.1
45,2012,41,HUILA,273653,89.77,89.73,100.19,5.23,90.01,4.76,1.81
46,2012,44,LA GUAJIRA,239298,75.42,75.33,89.93,6.81,92.33,0.86,3.44
47,2012,47,MAGDALENA,334586,91.82,91.64,108.68,6.22,91.97,1.81,1.59
48,2012,50,META,210820,93.35,93.29,103.0,5.85,91.68,2.47,1.8
49,2012,52,NARIÑO,401539,77.75,77.73,92.96,1.84,97.02,1.14,1.89
50,2012,54,NORTE DE SANTANDER,322304,86.0,85.93,96.69,4.89,93.58,1.52,2.0
51,2012,63,QUINDIO,112175,88.77,88.74,102.48,6.23,89.79,3.99,1.23
52,2012,66,RISARALDA,189484,92.91,92.77,109.1,7.04,87.91,5.06,1.13
53,2012,68,SANTANDER,425904,92.21,92.11,103.99,4.67,92.65,2.68,2.53
54,2012,70,SUCRE,203626,95.6,95.55,112.62,4.83,85.68,9.49,0.65
55,2012,73,TOLIMA,321653,87.47,87.42,97.11,5.11,87.38,7.51,0.66
56,2012,76,VALLE DEL CAUCA,894698,88.26,88.09,101.86,4.32,92.39,3.29,1.64
57,2012,81,ARAUCA,74454,72.33,72.29,83.67,4.99,94.99,0.03,3.83
58,2012,85,CASANARE,85999,103.94,103.88,117.02,6.52,87.67,5.81,1.92
59,2012,86,PUTUMAYO,93570,78.17,78.17,93.12,6.16,89.6,4.24,1.03
60,2012,88,"ARCHIPIÉLAGO DE SAN ANDRÉS, PROVIDENCIA Y SANTA CATALINA",15648,68.7,68.65,76.21,1.26,98.16,0.58,3.9
61,2012,91,AMAZONAS,22194,81.87,81.87,94.76,4.7,93.74,1.56,6.3
62,2012,94,GUAINÍA,11920,70.82,70.82,85.9,8.91,78.18,12.91,1.75
63,2012,95,GUAVIARE,31272,59.2,59.18,71.3,4.86,94.89,0.26,1.5
64,2012,97,VAUPÉS,12681,62.32,62.32,73.18,7.62,79.86,12.52,5.11
65,2012,99,VICHADA,20686,66.75,66.75,75.11,5.07,88.24,6.69,1.31
66,2013,05,ANTIOQUIA,1272458,92.06,91.93,105.69,3.57,91.59,4.84,1.57
67,2013,08,ATLÁNTICO,522832,86.41,86.22,95.58,3.12,95.77,1.11,1.66
68,2013,11,"BOGOTÁ, D.C.",1466854,84.5,84.07,91.42,3.68,96.32,0.0,6.89
69,2013,13,BOLÍVAR,492500,89.66,89.55,103.72,2.56,94.23,3.2,1.91
70,2013,15,BOYACÁ,292312,85.1,85.05,96.3,2.45,93.41,4.14,1.69
71,2013,17,CALDAS,196982,82.58,82.54,94.92,4.1,88.64,7.25,1.87
72,2013,18,CAQUETÁ,124458,80.95,80.94,95.55,6.55,92.48,0.96,1.32
73,2013,19,CAUCA,320510,84.34,84.33,104.67,3.74,91.69,4.57,1.28
74,2013,20,CESAR,262240,94.92,94.8,109.98,4.53,89.87,5.6,1.07
75,2013,23,CÓRDOBA,407589,93.39,93.35,110.67,2.3,96.13,1.57,2.69
76,2013,25,CUNDINAMARCA,572012,90.49,90.28,100.66,3.17,95.7,1.12,1.9
77,2013,27,CHOCÓ,145133,79.59,79.59,96.73,4.59,88.85,6.56,0.15
78,2013,41,HUILA,272091,89.73,89.68,101.65,4.78,92.18,3.04,1.03
79,2013,44,LA GUAJIRA,244513,74.8,74.73,87.85,5.27,94.12,0.61,2.35
80,2013,47,MAGDALENA,332266,96.03,95.83,117.11,3.19,95.32,1.49,1.32
81,2013,50,META,213170,94.83,94.76,106.43,4.49,93.87,1.63,1.15
82,2013,52,NARIÑO,399032,76.6,76.58,93.62,2.9,95.83,1.26,1.85
83,2013,54,NORTE DE SANTANDER,317334,86.42,86.37,100.76,3.66,95.29,1.05,1.72
84,2013,63,QUINDIO,111539,85.89,85.87,100.48,5.3,89.7,4.99,1.21
85,2013,66,RISARALDA,187946,89.97,89.81,106.4,5.17,89.77,5.06,0.94
86,2013,68,SANTANDER,419596,93.4,93.28,106.44,3.6,92.98,3.41,2.04
87,2013,70,SUCRE,202453,96.68,96.64,117.32,3.83,86.68,9.49,0.7
88,2013,73,TOLIMA,317546,87.02,86.95,100.2,4.01,88.65,7.34,0.5
89,2013,76,VALLE DEL CAUCA,887988,87.56,87.37,101.44,3.04,93.57,3.39,1.3
90,2013,81,ARAUCA,74658,70.71,70.7,81.63,4.17,95.83,0.01,2.42
91,2013,85,CASANARE,86460,103.73,103.69,117.81,3.67,90.86,5.47,1.34
92,2013,86,PUTUMAYO,92887,76.96,76.96,89.83,5.68,88.53,5.79,0.98
93,2013,88,"ARCHIPIÉLAGO DE SAN ANDRÉS, PROVIDENCIA Y SANTA CATALINA",15536,67.93,67.89,74.43,0.91,99.08,0.01,4.73
94,2013,91,AMAZONAS,22123,81.84,81.83,95.41,3.29,95.78,0.93,4.32
95,2013,94,GUAINÍA,11918,72.57,72.56,114.03,4.93,79.71,15.36,3.59
96,2013,95,GUAVIARE,31276,57.33,57.32,70.31,4.02,95.97,0.01,1.16
97,2013,97,VAUPÉS,12659,62.25,62.25,74.45,8.53,81.3,10.17,2.85
98,2013,99,VICHADA,20977,74.61,74.6,84.57,9.17,87.84,2.99,1.25
99,2014,05,ANTIOQUIA,1266533,90.97,90.85,103.9,2.33,95.08,2.59,2.09
100,2014,08,ATLÁNTICO,521917,85.81,85.58,93.65,3.29,96.37,0.34,1.82
101,2014,11,"BOGOTÁ, D.C.",1460379,80.79,80.38,86.66,2.5,97.36,0.14,8.69
102,2014,13,BOLÍVAR,490573,87.5,87.41,98.71,3.53,94.1,2.37,1.96
103,2014,15,BOYACÁ,288366,83.94,83.89,94.74,1.89,93.8,4.31,2.24
104,2014,17,CALDAS,195455,80.96,80.93,92.36,2.65,94.74,2.6,1.73
105,2014,18,CAQUETÁ,124473,79.36,79.33,91.71,4.23,95.67,0.1,1.18
106,2014,19,CAUCA,316362,84.6,84.58,105.48,4.54,95.33,0.12,1.2
107,2014,20,CESAR,261493,96.29,96.14,111.11,4.95,92.87,2.19,1.2
108,2014,23,CÓRDOBA,408623,93.23,93.19,110.59,2.11,97.5,0.39,2.01
109,2014,25,CUNDINAMARCA,573948,89.99,89.79,99.75,2.6,96.72,0.69,1.73
110,2014,27,CHOCÓ,145299,81.15,81.14,100.66,3.53,90.58,5.89,0.44
111,2014,41,HUILA,270459,88.35,88.29,99.41,3.33,96.53,0.14,1.08
112,2014,44,LA GUAJIRA,251458,74.91,74.87,88.84,4.48,95.14,0.38,1.3
113,2014,47,MAGDALENA,331389,90.35,90.1,108.4,2.96,96.05,0.99,0.93
114,2014,50,META,215227,94.77,94.72,106.4,3.02,95.07,1.9,1.41
115,2014,52,NARIÑO,397640,75.23,75.22,89.87,2.91,96.98,0.11,1.6
116,2014,54,NORTE DE SANTANDER,313966,87.2,87.15,98.77,3.3,96.07,0.62,1.64
117,2014,63,QUINDIO,110359,83.93,83.9,97.59,3.68,93.02,3.29,1.41
118,2014,66,RISARALDA,185754,88.18,88.02,103.53,3.67,93.08,3.25,1.66
119,2014,68,SANTANDER,413227,93.63,93.52,105.95,2.82,95.45,1.73,1.76
120,2014,70,SUCRE,201098,96.88,96.82,113.29,5.83,85.08,9.08,1.2
121,2014,73,TOLIMA,313709,86.36,86.3,96.32,4.16,90.31,5.53,0.92
122,2014,76,VALLE DEL CAUCA,880625,85.52,85.34,98.4,2.16,95.6,2.24,0.82
123,2014,81,ARAUCA,74948,71.55,71.51,81.48,5.59,94.4,0.01,2.04
124,2014,85,CASANARE,86899,103.26,103.24,117.09,2.27,92.87,4.86,1.19
125,2014,86,PUTUMAYO,92368,77.72,77.71,90.13,4.33,94.59,1.08,1.04
126,2014,88,"ARCHIPIÉLAGO DE SAN ANDRÉS, PROVIDENCIA Y SANTA CATALINA",15395,68.17,68.13,73.86,1.22,98.74,0.03,3.72
127,2014,91,AMAZONAS,22167,82.13,82.11,95.65,3.04,96.93,0.03,3.9
128,2014,94,GUAINÍA,11916,73.67,73.67,90.09,4.88,81.94,13.17,4.64
129,2014,95,GUAVIARE,31344,56.23,56.23,67.66,2.57,97.17,0.26,1.42
130,2014,97,VAUPÉS,12699,62.82,62.82,74.25,7.86,90.0,2.14,3.2
131,2014,99,VICHADA,21331,74.52,74.51,84.1,5.09,88.75,6.16,1.1
132,2015,05,ANTIOQUIA,1262800,89.92,89.79,103.14,3.82,89.34,6.84,2.83
133,2015,08,ATLÁNTICO,520783,86.17,85.92,93.38,1.39,95.19,3.42,1.69
134,2015,11,"BOGOTÁ, D.C.",1455309,82.2,81.77,88.45,3.63,96.29,0.09,9.91
135,2015,13,BOLÍVAR,488886,88.78,88.69,100.18,3.01,91.5,5.49,1.83
136,2015,15,BOYACÁ,284611,83.62,83.57,93.37,2.22,93.27,4.51,2.27
137,2015,17,CALDAS,194108,78.9,78.86,90.19,3.67,88.13,8.2,2.18
138,2015,18,CAQUETÁ,124382,73.14,73.12,85.42,4.87,91.65,3.48,1.26
139,2015,19,CAUCA,312453,82.21,82.21,99.04,2.17,91.64,6.19,1.23
140,2015,20,CESAR,260802,95.52,95.39,109.85,4.38,90.48,5.14,1.08
141,2015,23,CÓRDOBA,409982,89.54,89.5,103.33,2.26,94.51,3.23,1.79
142,2015,25,CUNDINAMARCA,576429,90.72,90.47,100.22,3.27,93.2,3.52,2.14
143,2015,27,CHOCÓ,145625,80.48,80.48,100.91,4.78,88.35,6.87,0.29
144,2015,41,HUILA,269323,87.64,87.58,99.18,5.17,87.04,7.79,1.09
145,2015,44,LA GUAJIRA,258207,74.12,74.08,86.61,2.29,95.83,1.88,1.42
146,2015,47,MAGDALENA,330539,93.61,93.43,108.08,3.54,93.68,2.78,1.07
147,2015,50,META,217437,92.19,92.14,103.88,3.3,92.08,4.62,1.1
148,2015,52,NARIÑO,396138,73.53,73.51,88.26,1.23,96.42,2.35,1.35
149,2015,54,NORTE DE SANTANDER,310611,85.89,85.84,99.27,2.66,95.75,1.59,1.31
150,2015,63,QUINDIO,109400,81.93,81.86,94.03,5.9,88.09,6.01,1.38
151,2015,66,RISARALDA,183900,88.12,87.94,102.5,5.05,89.03,5.92,1.52
152,2015,68,SANTANDER,407815,94.5,94.37,105.97,3.17,91.93,4.9,1.62
153,2015,70,SUCRE,200001,95.8,95.74,112.16,2.65,87.04,10.31,0.61
154,2015,73,TOLIMA,310206,85.48,85.41,96.32,3.71,89.08,7.22,0.58
155,2015,76,VALLE DEL CAUCA,875476,84.44,84.26,96.74,2.78,91.04,6.18,0.92
156,2015,81,ARAUCA,75107,72.88,72.84,82.95,3.51,96.29,0.2,2.27
157,2015,85,CASANARE,87417,102.43,102.39,115.06,3.75,88.89,7.36,1.21
158,2015,86,PUTUMAYO,91874,76.71,76.7,88.74,5.26,89.23,5.51,0.85
159,2015,88,"ARCHIPIÉLAGO DE SAN ANDRÉS, PROVIDENCIA Y SANTA CATALINA",15265,67.34,67.3,72.67,0.63,95.92,3.44,2.16
160,2015,91,AMAZONAS,22212,81.49,81.46,95.76,4.76,89.23,6.01,1.65
161,2015,94,GUAINÍA,11913,75.3,75.3,93.44,7.64,75.4,16.96,2.12
162,2015,95,GUAVIARE,31553,54.91,54.9,65.9,4.7,87.99,7.31,1.21
163,2015,97,VAUPÉS,12684,64.08,64.08,76.58,8.08,78.38,13.54,3.49
164,2015,99,VICHADA,21644,76.82,76.81,87.09,9.23,76.94,13.82,0.88
165,2016,05,ANTIOQUIA,1265147,88.2,88.08,101.72,4.47,88.4,7.13,3.02
166,2016,08,ATLÁNTICO,519509,89.7,89.35,98.02,2.13,94.42,3.44,1.23
167,2016,11,"BOGOTÁ, D.C.",1453283,80.7,80.26,87.29,2.08,97.55,0.37,3.73
168,2016,13,BOLÍVAR,487274,89.5,89.41,101.18,2.97,91.68,5.35,2.16
169,2016,15,BOYACÁ,279627,83.8,83.7,96.0,2.46,93.5,4.04,2.18
170,2016,17,CALDAS,192703,77.4,77.4,88.86,4.28,89.16,6.56,2.16
171,2016,18,CAQUETÁ,124296,75.4,75.36,88.13,6.88,91.69,1.43,2.2
172,2016,19,CAUCA,307989,83.9,83.84,100.22,2.84,91.42,5.73,1.22
173,2016,20,CESAR,259794,97.6,97.44,110.73,5.07,89.53,5.4,1.19
174,2016,23,CÓRDOBA,411715,90.3,90.28,104.35,3.03,93.6,3.37,3.75
175,2016,25,CUNDINAMARCA,577612,91.2,90.9,101.15,3.68,93.27,3.05,2.4
176,2016,27,CHOCÓ,145596,79.8,79.85,96.88,3.58,87.44,8.98,1.94
177,2016,41,HUILA,268744,85.9,85.84,96.84,5.23,85.82,8.94,4.35
178,2016,44,LA GUAJIRA,264785,75.7,75.59,88.3,4.62,93.5,1.89,4.5
179,2016,47,MAGDALENA,329234,92.5,92.33,108.24,3.2,94.31,2.49,5.31
180,2016,50,META,219565,92.4,92.28,104.73,5.35,89.08,5.57,0.86
181,2016,52,NARIÑO,394574,71.1,71.13,83.28,1.67,96.44,1.89,2.64
182,2016,54,NORTE DE SANTANDER,307238,88.6,88.51,101.66,4.84,91.24,3.91,1.85
183,2016,63,QUINDIO,108652,79.8,79.74,91.75,6.18,87.41,6.41,1.13
184,2016,66,RISARALDA,182345,87.4,87.16,102.31,4.67,89.54,5.79,1.09
185,2016,68,SANTANDER,402820,95.2,95.0,106.47,3.97,89.89,6.14,2.48
186,2016,70,SUCRE,198817,96.8,96.72,111.51,2.95,87.41,9.64,0.47
187,2016,73,TOLIMA,306395,84.7,84.59,95.33,3.7,89.31,6.98,0.61
188,2016,76,VALLE DEL CAUCA,873706,81.4,81.23,93.81,4.34,88.72,6.94,1.29
189,2016,81,ARAUCA,75185,74.0,73.95,85.37,3.72,96.28,0.0,3.44
190,2016,85,CASANARE,88003,100.2,100.18,111.65,4.21,90.23,5.56,4.03
191,2016,86,PUTUMAYO,91441,76.1,76.09,87.8,7.53,86.13,6.34,2.56
192,2016,88,"ARCHIPIÉLAGO DE SAN ANDRÉS, PROVIDENCIA Y SANTA CATALINA",15167,68.2,68.15,73.81,2.26,97.73,0.01,2.47
193,2016,91,AMAZONAS,22243,81.4,81.35,96.12,5.06,89.11,5.83,6.61
194,2016,94,GUAINÍA,11935,77.6,77.64,95.79,8.21,74.85,16.94,1.9
195,2016,95,GUAVIARE,31671,54.8,54.83,65.4,4.7,89.19,6.11,2.85
196,2016,97,VAUPÉS,12654,64.2,64.17,76.78,6.6,83.11,10.29,3.02
197,2016,99,VICHADA,21951,77.8,77.78,87.9,8.16,78.03,13.81,3.26
198,2017,05,ANTIOQUIA,1270105,86.1,86.0,98.15,4.15,88.68,7.16,6.52
199,2017,08,ATLÁNTICO,518257,91.1,90.72,99.32,1.28,94.18,4.54,1.11
200,2017,11,"BOGOTÁ, D.C.",1452849,79.9,79.45,86.62,1.62,97.29,1.09,0.14
201,2017,13,BOLÍVAR,486067,90.7,90.58,102.17,2.65,91.16,6.19,4.4
202,2017,15,BOYACÁ,275027,83.5,83.48,94.76,2.15,92.61,5.25,2.3
203,2017,17,CALDAS,191444,75.8,75.72,86.35,3.47,89.46,7.07,3.08
204,2017,18,CAQUETÁ,124222,74.4,74.37,88.1,6.73,90.51,2.76,3.43
205,2017,19,CAUCA,303777,83.3,83.32,99.31,2.76,90.66,6.59,1.26
206,2017,20,CESAR,259051,99.1,98.92,111.18,3.98,90.56,5.46,0.92
207,2017,23,CÓRDOBA,413883,88.8,88.72,101.31,3.03,93.23,3.75,3.29
208,2017,25,CUNDINAMARCA,579364,91.8,91.56,101.72,2.57,94.05,3.37,2.43
209,2017,27,CHOCÓ,145765,79.2,79.19,95.51,2.38,88.49,9.14,2.23
210,2017,41,HUILA,268582,85.3,85.17,95.17,4.14,86.57,9.3,3.32
211,2017,44,LA GUAJIRA,271221,75.5,75.44,86.51,2.98,93.92,3.1,4.85
212,2017,47,MAGDALENA,327940,93.6,93.3,109.39,2.57,94.62,2.8,2.52
213,2017,50,META,221844,90.9,90.88,102.17,4.2,90.81,4.99,1.04
214,2017,52,NARIÑO,393195,70.2,70.16,83.3,1.4,95.82,2.78,3.17
215,2017,54,NORTE DE SANTANDER,304148,90.4,90.3,105.26,3.6,91.86,4.54,1.24
216,2017,63,QUINDIO,108156,77.8,77.69,88.57,4.92,88.68,6.4,0.8
217,2017,66,RISARALDA,181154,86.8,86.62,100.7,4.82,89.34,5.84,2.4
218,2017,68,SANTANDER,398621,96.5,96.33,107.72,2.67,91.27,6.07,2.41
219,2017,70,SUCRE,197947,97.3,97.2,111.79,2.7,87.86,9.43,1.06
220,2017,73,TOLIMA,303140,84.0,83.91,94.39,2.93,90.06,7.01,0.73
221,2017,76,VALLE DEL CAUCA,873860,80.4,80.21,91.94,3.71,89.59,6.7,1.45
222,2017,81,ARAUCA,75197,75.0,75.02,86.6,3.63,96.31,0.07,7.17
223,2017,85,CASANARE,88626,97.8,97.72,112.68,2.68,92.41,4.91,2.09
224,2017,86,PUTUMAYO,91161,75.2,75.24,88.54,5.74,88.12,6.14,2.65
225,2017,88,"ARCHIPIÉLAGO DE SAN ANDRÉS, PROVIDENCIA Y SANTA CATALINA",15106,67.8,67.64,72.38,1.15,97.88,0.97,2.04
226,2017,91,AMAZONAS,22269,83.6,82.1,96.56,4.88,87.45,7.67,5.96
227,2017,94,GUAINÍA,11965,80.0,79.98,97.94,7.68,76.79,15.53,3.13
228,2017,95,GUAVIARE,31876,55.0,55.02,67.6,4.34,94.39,1.27,2.86
229,2017,97,VAUPÉS,12668,66.5,65.38,78.29,8.0,80.89,11.12,3.16
230,2017,99,VICHADA,22282,77.9,77.93,92.69,8.65,76.3,15.05,11.73
231,2018,05,ANTIOQUIA,1147598,84.72,94.11,108.39,3.97,89.13,6.91,3.13
232,2018,08,ATLÁNTICO,521630,92.53,91.34,99.81,1.55,93.57,4.88,0.74
233,2018,11,"BOGOTÁ, D.C.",1179282,78.71,96.51,105.2,1.65,98.02,0.33,0.33
234,2018,13,BOLÍVAR,455784,92.71,98.6,112.48,2.75,90.31,6.93,3.82
235,2018,15,BOYACÁ,234116,83.54,96.54,106.84,2.07,92.59,5.34,1.69
236,2018,17,CALDAS,162391,74.38,87.08,99.49,2.96,90.77,6.27,3.35
237,2018,18,CAQUETÁ,98639,73.14,92.04,107.89,5.5,92.62,1.88,2.52
238,2018,19,CAUCA,301714,83.72,83.17,100.03,2.58,90.33,7.09,0.97
239,2018,20,CESAR,288411,101.41,90.73,101.99,3.98,90.35,5.68,1.24
240,2018,23,CÓRDOBA,386239,87.95,94.72,108.32,2.23,93.81,3.96,2.89
241,2018,25,CUNDINAMARCA,547875,92.49,97.91,108.72,2.89,92.11,5.0,2.11
242,2018,27,CHOCÓ,143975,79.81,80.95,98.11,3.16,87.71,9.13,1.29
243,2018,41,HUILA,242238,85.04,94.28,106.28,4.21,86.1,9.69,2.63
244,2018,44,LA GUAJIRA,237991,77.72,90.55,103.72,2.77,93.01,4.22,4.75
245,2018,47,MAGDALENA,317652,95.21,97.69,115.66,3.26,93.58,3.15,1.7
246,2018,50,META,218707,90.3,92.51,104.13,4.47,89.65,5.88,0.89
247,2018,52,NARIÑO,314579,67.88,84.54,98.98,1.34,95.42,3.24,2.94
248,2018,54,NORTE DE SANTANDER,307526,93.58,91.62,106.28,3.95,90.55,5.5,1.41
249,2018,63,QUINDIO,83383,76.15,98.35,110.83,4.17,89.17,6.67,1.08
250,2018,66,RISARALDA,157477,86.17,98.4,114.09,4.23,88.74,7.04,0.76
251,2018,68,SANTANDER,401463,97.79,96.06,108.08,3.2,89.46,7.34,1.73
252,2018,70,SUCRE,201443,98.08,95.99,110.42,2.78,87.36,9.86,1.28
253,2018,73,TOLIMA,255496,83.88,98.54,110.66,3.02,90.56,6.42,0.84
254,2018,76,VALLE DEL CAUCA,861316,79.27,80.36,91.87,3.26,89.22,7.52,1.1
255,2018,81,ARAUCA,60962,77.02,94.93,112.21,2.63,97.29,0.08,4.46
256,2018,85,CASANARE,92859,96.81,93.05,104.3,2.69,90.77,6.54,2.0
257,2018,86,PUTUMAYO,80972,75.0,84.28,96.55,5.21,86.88,7.9,2.15
258,2018,88,"ARCHIPIÉLAGO DE SAN ANDRÉS, PROVIDENCIA Y SANTA CATALINA",10853,67.34,93.4,99.93,1.97,93.79,4.25,2.31
259,2018,91,AMAZONAS,22257,81.13,81.46,95.04,4.87,91.17,3.96,4.12
260,2018,94,GUAINÍA,15766,81.64,62.28,77.05,7.14,77.64,15.22,5.08
261,2018,95,GUAVIARE,21118,55.7,84.61,105.08,3.36,87.78,8.86,3.46
262,2018,97,VAUPÉS,15363,61.64,50.79,59.79,3.88,85.38,10.74,2.26
263,2018,99,VICHADA,32951,78.13,53.74,61.92,7.14,75.25,17.6,5.62
264,2019,05,ANTIOQUIA,1149985,94.0,93.83,107.57,4.02,88.38,7.59,3.19
265,2019,08,ATLÁNTICO,533666,92.07,91.69,100.2,1.26,92.91,5.83,1.0
266,2019,11,"BOGOTÁ, D.C.",1181531,96.82,96.3,104.93,1.6,97.5,0.9,2.62
267,2019,13,BOLÍVAR,461988,99.44,99.33,112.39,2.99,90.5,6.51,3.59
268,2019,15,BOYACÁ,234368,96.6,96.51,108.44,2.05,92.02,5.93,1.92
269,2019,17,CALDAS,161892,85.98,85.88,97.69,3.31,89.01,7.68,3.67
270,2019,18,CAQUETÁ,98675,90.52,90.49,105.49,5.32,92.63,2.05,2.6
271,2019,19,CAUCA,299016,84.42,84.39,100.7,2.78,90.65,6.56,1.3
272,2019,20,CESAR,296234,90.77,90.57,102.06,4.11,89.08,6.81,1.07
273,2019,23,CÓRDOBA,387454,94.23,94.16,107.57,2.64,93.6,3.76,3.42
274,2019,25,CUNDINAMARCA,570377,96.14,95.86,106.07,3.02,91.68,5.3,1.74
275,2019,27,CHOCÓ,143999,82.64,82.64,103.24,2.8,88.46,8.74,1.08
276,2019,41,HUILA,242194,94.2,94.12,105.3,4.48,85.86,9.67,2.84
277,2019,44,LA GUAJIRA,245778,92.92,92.86,103.71,2.51,93.27,4.21,3.59
278,2019,47,MAGDALENA,323546,97.49,97.27,114.32,3.5,93.68,2.83,1.53
279,2019,50,META,218194,93.59,93.51,107.15,3.97,90.99,5.04,1.03
280,2019,52,NARIÑO,309763,84.0,83.95,98.35,1.45,95.85,2.7,3.23
281,2019,54,NORTE DE SANTANDER,318252,92.25,92.18,106.49,3.25,90.56,6.19,1.37
282,2019,63,QUINDIO,83130,96.77,96.73,109.23,3.94,88.13,7.93,1.04
283,2019,66,RISARALDA,156174,99.14,98.88,114.85,4.99,88.6,6.41,1.16
284,2019,68,SANTANDER,405798,96.38,96.2,106.83,3.01,89.53,7.47,1.91
285,2019,70,SUCRE,203411,95.93,95.88,108.96,3.0,87.91,9.09,1.17
286,2019,73,TOLIMA,251347,99.2,99.1,110.63,3.7,89.84,6.45,0.75
287,2019,76,VALLE DEL CAUCA,854243,81.68,81.46,92.62,3.92,88.84,7.25,1.17
288,2019,81,ARAUCA,64095,93.09,93.06,106.49,4.02,95.31,0.67,3.82
289,2019,85,CASANARE,93431,93.46,93.43,104.68,3.01,90.13,6.86,1.9
290,2019,86,PUTUMAYO,80890,84.83,84.83,96.73,5.39,85.7,8.91,1.89
291,2019,88,"ARCHIPIÉLAGO DE SAN ANDRÉS, PROVIDENCIA Y SANTA CATALINA",11002,91.92,91.87,98.59,2.08,88.64,9.28,3.86
292,2019,91,AMAZONAS,22435,81.4,81.4,95.56,4.17,88.23,7.6,7.07
293,2019,94,GUAINÍA,15808,66.26,66.26,80.77,5.7,78.65,15.65,7.31
294,2019,95,GUAVIARE,21301,83.11,83.09,100.82,4.47,88.03,7.5,1.64
295,2019,97,VAUPÉS,15675,52.33,52.33,61.04,3.04,90.08,6.88,3.71
296,2019,99,VICHADA,33198,55.51,55.51,62.42,7.63,74.92,17.44,7.82
297,2020,05,ANTIOQUIA,1151149,93.59,93.43,106.19,2.3,89.97,7.73,6.48
298,2020,08,ATLÁNTICO,542750,92.75,92.38,100.38,1.41,94.04,4.55,4.27
299,2020,11,"BOGOTÁ, D.C.",1181597,96.41,95.89,104.74,0.46,94.4,5.14,3.75
300,2020,13,BOLÍVAR,466941,98.91,98.8,110.4,2.03,94.06,3.91,5.92
301,2020,15,BOYACÁ,234540,94.91,94.84,103.67,1.7,90.55,7.75,5.42
302,2020,17,CALDAS,161746,84.65,84.57,96.32,2.35,92.89,4.76,6.48
303,2020,18,CAQUETÁ,98602,88.94,88.91,101.54,6.28,83.74,9.98,4.19
304,2020,19,CAUCA,296813,85.0,84.97,95.43,1.59,91.93,6.48,5.87
305,2020,20,CESAR,302403,89.88,89.73,99.16,8.58,82.4,9.02,5.24
306,2020,23,CÓRDOBA,388446,93.27,93.21,103.59,2.54,92.27,5.2,5.84
307,2020,25,CUNDINAMARCA,592264,93.68,93.42,103.27,2.78,90.58,6.63,5.29
308,2020,27,CHOCÓ,143711,83.98,83.97,94.63,2.04,91.72,6.24,7.78
309,2020,41,HUILA,242199,93.46,93.38,103.51,2.49,89.63,7.88,6.85
310,2020,44,LA GUAJIRA,252101,94.28,94.2,104.74,2.08,89.11,8.81,5.87
311,2020,47,MAGDALENA,327562,96.03,95.83,110.91,3.87,90.81,5.32,3.8
312,2020,50,META,217673,93.91,93.83,105.44,2.47,87.06,10.47,4.32
313,2020,52,NARIÑO,305761,84.15,84.1,97.39,1.75,89.34,8.91,4.68
314,2020,54,NORTE DE SANTANDER,325981,90.24,90.16,98.32,3.94,88.82,7.24,5.51
315,2020,63,QUINDIO,83129,95.97,95.93,107.41,3.07,90.1,6.83,6.06
316,2020,66,RISARALDA,155149,98.9,98.64,113.87,2.89,88.68,8.43,5.41
317,2020,68,SANTANDER,408876,95.97,95.83,105.54,1.85,91.04,7.1,6.26
318,2020,70,SUCRE,204837,95.22,95.17,107.93,2.0,92.43,5.57,7.51
319,2020,73,TOLIMA,247605,99.37,99.27,110.54,3.29,90.22,6.48,5.13
320,2020,76,VALLE DEL CAUCA,846957,82.18,81.96,92.14,2.73,90.41,6.86,5.72
321,2020,81,ARAUCA,66580,92.84,92.81,105.96,3.93,85.52,10.55,3.9
322,2020,85,CASANARE,93855,94.38,94.35,104.95,2.11,90.95,6.94,5.43
323,2020,86,PUTUMAYO,80810,84.42,84.41,95.21,7.42,86.8,5.78,6.81
324,2020,88,"ARCHIPIÉLAGO DE SAN ANDRÉS, PROVIDENCIA Y SANTA CATALINA",11169,92.77,92.67,99.15,1.41,91.77,6.82,8.67
325,2020,91,AMAZONAS,22563,81.26,81.24,94.99,2.37,88.72,8.91,10.0
326,2020,94,GUAINÍA,15771,70.52,70.51,83.91,3.53,81.46,15.01,10.5
327,2020,95,GUAVIARE,21482,83.07,83.06,100.72,4.41,86.67,8.92,6.04
328,2020,97,VAUPÉS,15910,53.47,53.47,62.8,2.54,81.18,16.28,7.15
329,2020,99,VICHADA,33298,60.15,60.14,66.64,3.07,84.08,12.85,14.44
330,2021,05,ANTIOQUIA,1149861,92.62,92.45,104.69,4.81,87.52,7.66,5.84
331,2021,08,ATLÁNTICO,546055,93.93,93.55,101.96,1.67,90.56,7.78,3.82
332,2021,11,"BOGOTÁ, D,C,",1174274,94.28,93.8,102.57,1.29,88.15,10.56,3.29
333,2021,13,BOLÍVAR,469046,99.39,99.3,111.33,3.69,88.65,7.66,4.1
334,2021,15,BOYACÁ,234348,95.55,95.48,104.85,2.97,88.05,8.98,5.91
335,2021,17,CALDAS,161737,84.34,84.25,95.87,3.1,90.2,6.7,4.46
336,2021,18,CAQUETÁ,98412,86.73,86.7,97.51,8.5,82.82,8.68,7.59
337,2021,19,CAUCA,294933,86.33,86.28,97.67,3.03,88.33,8.64,5.98
338,2021,20,CESAR,305550,89.21,89.04,98.8,2.43,89.09,8.49,6.28
339,2021,23,CÓRDOBA,388712,93.04,92.95,103.67,2.95,89.41,7.63,4.81
340,2021,25,CUNDINAMARCA,610367,90.84,90.58,100.06,4.06,89.34,6.59,5.2
341,2021,27,CHOCÓ,143120,87.22,87.17,100.43,4.02,86.05,9.92,5.89
342,2021,41,HUILA,242129,93.8,93.73,104.13,6.18,83.98,9.84,5.23
343,2021,44,LA GUAJIRA,255513,99.46,99.35,111.61,2.06,89.12,8.82,6.09
344,2021,47,MAGDALENA,328343,97.15,96.9,112.69,2.07,94.46,3.47,3.09
345,2021,50,META,216914,94.37,94.28,105.94,4.4,86.0,9.6,6.19
346,2021,52,NARIÑO,302506,83.5,83.43,96.69,2.23,91.83,5.94,6.66
347,2021,54,NORTE DE SANTANDER,328034,92.06,92.0,101.77,4.1,87.57,8.33,3.9
348,2021,63,QUINDIO,83299,94.72,94.64,105.15,6.2,87.1,6.7,4.44
349,2021,66,RISARALDA,154342,99.33,99.07,114.87,4.65,87.78,7.57,4.33
350,2021,68,SANTANDER,409198,96.05,95.89,106.58,4.0,87.49,8.51,4.47
351,2021,70,SUCRE,205082,95.5,95.46,108.54,2.51,89.82,7.67,3.97
352,2021,73,TOLIMA,244021,101.21,101.13,112.46,5.03,87.43,7.54,4.2
353,2021,76,VALLE DEL CAUCA,839566,81.86,81.67,92.14,4.53,87.16,8.31,4.76
354,2021,81,ARAUCA,67759,93.94,93.88,107.8,3.31,93.54,3.15,6.67
355,2021,85,CASANARE,93896,94.67,94.63,105.84,4.61,86.47,8.92,6.26
356,2021,86,PUTUMAYO,80699,84.59,84.57,96.22,10.28,82.3,7.42,4.87
357,2021,88,"ARCHIPIÉLAGO DE SAN ANDRÉS, PROVIDENCIA Y SANTA CATALINA",11312,90.88,90.82,96.69,0.71,91.03,8.26,4.15
358,2021,91,AMAZONAS,22670,82.03,81.96,95.93,5.04,86.04,8.92,14.76
359,2021,94,GUAINÍA,15643,78.05,77.96,92.44,8.67,72.0,19.32,10.23
360,2021,95,GUAVIARE,21658,84.91,84.79,100.64,7.29,82.84,9.88,7.8
361,2021,97,VAUPÉS,16081,54.73,54.72,66.82,4.18,90.14,5.67,3.6
362,2021,99,VICHADA,33183,65.44,65.43,73.0,5.02,77.56,17.42,11.13
363,2022,05,ANTIOQUIA,1134099,93.5,93.32,104.84,4.73,87.1,8.17,6.49
364,2022,08,ATLÁNTICO,544473,94.4,94.01,103.12,2.64,91.06,6.3,5.91
365,2022,11,"BOGOTÁ, D.C.",1150474,93.89,93.37,101.87,3.46,90.55,5.99,5.72
366,2022,13,BOLÍVAR,464305,100.32,100.19,113.09,4.01,88.82,7.17,6.85
367,2022,15,BOYACÁ,234191,93.95,93.87,102.84,2.9,89.9,7.2,7.61
368,2022,17,CALDAS,159847,83.32,83.21,93.5,3.81,88.6,7.59,6.0
369,2022,18,CAQUETÁ,97946,83.5,83.48,94.41,6.37,87.49,6.14,7.49
370,2022,19,CAUCA,295168,85.77,85.73,97.26,3.96,88.95,7.09,7.45
371,2022,20,CESAR,308443,87.94,87.77,97.42,6.02,86.62,7.37,7.44
372,2022,23,CÓRDOBA,390847,90.75,90.66,101.54,4.09,87.39,8.53,7.52
373,2022,25,CUNDINAMARCA,583695,96.46,96.16,105.12,3.86,90.02,6.12,6.81
374,2022,27,CHOCÓ,147806,84.5,84.5,102.06,3.67,87.88,8.45,9.05
375,2022,41,HUILA,247652,91.87,91.77,101.3,5.13,86.3,8.56,6.96
376,2022,44,LA GUAJIRA,262402,99.33,99.25,110.67,3.65,86.54,9.81,9.77
377,2022,47,MAGDALENA,327302,96.16,95.92,118.49,4.9,91.07,4.03,5.02
378,2022,50,META,221130,93.24,93.17,105.25,5.18,87.45,7.37,7.47
379,2022,52,NARIÑO,307217,80.63,80.58,92.87,2.85,92.01,5.14,8.07
380,2022,54,NORTE DE SANTANDER,328869,91.88,91.81,101.86,4.49,87.56,7.95,6.03
381,2022,63,QUINDIO,81903,95.29,95.24,105.21,5.97,86.73,7.3,4.86
382,2022,66,RISARALDA,155669,97.79,97.52,111.61,6.42,86.95,6.63,5.7
383,2022,68,SANTANDER,405521,96.67,96.49,107.07,4.93,87.49,7.58,6.43
384,2022,70,SUCRE,203779,94.48,94.41,107.24,3.9,87.51,8.6,6.12
385,2022,73,TOLIMA,242793,100.35,100.26,111.39,4.71,88.39,6.9,6.21
386,2022,76,VALLE DEL CAUCA,848047,79.71,79.5,89.32,5.51,86.48,8.01,6.33
387,2022,81,ARAUCA,66682,92.7,92.67,105.14,6.98,88.53,4.49,6.81
388,2022,85,CASANARE,95609,93.41,93.37,102.68,3.98,88.53,7.49,7.03
389,2022,86,PUTUMAYO,81190,81.83,81.81,91.02,6.54,86.37,7.09,5.76
390,2022,88,"ARCHIPIÉLAGO DE SAN ANDRÉS, PROVIDENCIA Y SANTA CATALINA",10796,97.05,96.89,102.8,3.22,84.51,12.27,7.98
391,2022,91,AMAZONAS,23239,77.25,77.24,90.58,6.11,88.45,5.44,10.42
392,2022,94,GUAINÍA,16612,67.6,67.6,77.76,7.08,79.21,13.71,13.02
393,2022,95,GUAVIARE,22538,80.14,80.13,95.71,3.67,87.41,8.92,8.39
394,2022,97,VAUPÉS,15585,55.51,55.51,66.01,4.72,92.54,2.74,9.26
395,2022,99,VICHADA,33949,66.99,66.98,74.03,6.58,76.29,17.14,14.24
