,CODDEPTO,DEPARTAMENTO,CODMPIO,MUNICIPIO,1994,1995,1996,1997,1998,1999,2000,2001,2002,2003,2004,2005,2006,2007,2008,2009,2010,2011,2012,2013,2014,2015
0,05,ANTIOQUIA,05120,CÁCERES,0.0,0.0,232.0,0.0,0.0,0.0,0.0,0.0,0.0,822.34,941.29,3883.55,1064.21,2298.05,1339.48,733.52,333.56,1889.08,1478.14,68.66,546.37,630.61
1,05,ANTIOQUIA,05361,ITUANGO,0.0,0.0,32.0,0.0,0.0,0.0,0.0,0.0,0.0,0.0,0.0,1.89,108.7,65.45,0.0,138.42,0.0,64.61,162.64,57.35,0.0,96.58
2,05,ANTIOQUIA,05652,SAN FRANCISCO,0.0,0.0,90.0,0.0,0.0,0.0,0.0,0.0,0.0,0.0,0.0,0.0,266.8,0.0,93.24,217.22,0.0,0.0,0.0,0.0,0.0,0.0
3,05,ANTIOQUIA,05790,TARAZÁ,0.0,0.0,264.0,0.0,0.0,0.0,4346.3,0.0,3213.12,6658.67,6456.26,6095.36,7582.7,9615.96,2556.48,2678.35,1361.81,2301.82,1876.47,234.66,361.06,928.71
4,05,ANTIOQUIA,05854,VALDIVIA,0.0,0.0,66.0,0.0,0.0,0.0,1912.5,0.0,0.0,0.0,184.47,995.06,1783.4,2320.12,555.71,536.11,39.18,332.19,373.44,50.76,52.44,141.71
5,18,CAQUETÁ,18029,ALBANIA,0.0,0.0,0.0,0.0,759.7,476.37,54.6,320.2,0.0,0.0,357.43,371.87,45.37,0.0,186.4,0.0,257.81,65.81,41.71,11.8,36.01,13.96
6,18,CAQUETÁ,18094,BELÉN DE LOS ANDAQUÍES,0.0,0.0,0.0,155.5,0.0,92.51,0.0,0.0,0.0,0.0,136.85,0.0,269.01,0.0,266.43,0.0,526.12,356.17,453.91,60.56,151.51,151.85
7,18,CAQUETÁ,18150,CARTAGENA DEL CHAIRÁ,0.0,0.0,537.0,193.7,5092.1,2294.13,45.1,649.15,4541.59,530.01,3361.29,200.07,57.05,0.0,986.34,1431.32,2944.83,2539.91,397.57,1080.15,892.58,808.03
8,18,CAQUETÁ,18205,CURILLO,0.0,0.0,0.0,43.0,1046.0,3458.52,1520.4,8061.42,4282.29,16.93,231.94,680.68,420.82,2098.15,911.93,215.32,314.75,347.38,315.48,386.77,327.52,379.74
9,18,CAQUETÁ,18247,EL DONCELLO,0.0,0.0,0.0,0.0,0.0,154.5,0.0,285.0,0.0,0.0,190.75,199.27,6.9,0.0,71.17,124.45,903.17,247.43,160.56,165.93,211.23,88.08
10,18,CAQUETÁ,18256,EL PAUJÍL,0.0,0.0,0.0,141.9,0.0,72.06,232.9,32.3,0.0,0.0,484.5,0.0,127.64,0.0,70.28,39.58,391.8,216.97,335.07,119.95,550.37,643.08
11,18,CAQUETÁ,18410,LA MONTAÑITA,0.0,0.0,0.0,254.4,61.0,1147.15,311.23,0.0,420.03,0.0,1201.4,176.49,373.31,1.74,1641.24,300.62,994.17,1001.0,924.34,563.71,611.11,990.98
12,18,CAQUETÁ,18460,MILÁN,0.0,0.0,0.0,1218.2,2668.3,1239.02,286.46,514.5,377.35,0.0,601.88,102.67,251.95,1355.39,1619.45,529.38,1642.23,1475.05,482.55,578.11,450.15,352.26
13,18,CAQUETÁ,18592,PUERTO RICO,0.0,0.0,0.0,503.8,666.1,0.0,171.1,24.0,0.0,0.0,3585.06,1863.89,228.79,536.5,986.11,884.27,1331.97,1498.12,463.66,323.01,235.56,280.96
14,18,CAQUETÁ,18610,SAN JOSÉ DEL FRAGUA,0.0,0.0,0.0,0.0,0.0,183.4,0.0,327.7,92.0,0.0,1778.64,0.0,1641.95,303.25,867.25,417.29,1106.27,1922.82,264.16,698.75,904.21,445.27
15,18,CAQUETÁ,18756,SOLANO,0.0,0.0,0.0,954.6,2515.5,2710.57,1604.2,1017.11,6196.51,175.91,609.05,442.3,101.81,240.12,2295.13,1550.79,3181.84,1123.91,1114.87,1006.69,368.0,515.19
16,18,CAQUETÁ,18785,SOLITA,0.0,0.0,0.0,0.0,3324.6,1984.96,3355.84,2645.38,990.43,0.0,1061.46,205.02,490.91,142.05,207.03,62.63,884.98,430.2,275.08,200.68,73.76,49.56
17,18,CAQUETÁ,18860,VALPARAÍSO,0.0,0.0,0.0,904.9,2300.0,1842.8,1478.01,3375.39,801.08,267.66,946.19,732.88,459.6,339.04,312.48,88.41,344.34,431.29,220.79,284.11,75.76,16.71
18,19,CAUCA,19533,PIAMONTE,0.0,0.0,0.0,0.0,0.0,2712.59,480.0,0.0,0.0,0.0,756.54,824.27,856.42,790.17,1463.58,430.31,363.02,1299.22,785.49,395.9,378.92,798.4
19,23,CÓRDOBA,23580,PUERTO LIBERTADOR,0.0,0.0,264.0,0.0,0.0,0.0,0.0,0.0,183.41,549.89,0.0,1516.15,2697.21,2789.41,1826.46,283.77,271.78,1484.24,524.31,284.46,26.48,108.88
20,50,META,50325,MAPIRIPÁN,0.0,484.0,69.14,703.0,2839.1,1055.41,163.3,2937.5,224.8,2298.89,2011.81,2612.29,2966.69,2998.4,4137.08,4428.76,3120.72,1209.79,2331.14,342.01,483.79,281.13
21,50,META,50450,PUERTO CONCORDIA,0.0,376.0,30.0,884.1,48.3,137.13,0.0,87.0,819.6,1986.23,1417.67,1285.67,2151.77,491.96,508.04,232.16,164.36,103.86,187.89,26.79,47.32,9.8
22,50,META,50577,PUERTO LLERAS,0.0,149.0,0.0,167.0,0.0,285.58,0.0,0.0,165.8,930.61,0.0,3206.65,5430.66,4702.19,394.38,121.5,32.75,15.13,63.45,0.0,34.1,13.3
23,50,META,50590,PUERTO RICO,503.0,1072.0,1369.4,4787.3,2607.62,817.74,1181.9,227.0,286.2,632.03,134.41,4229.85,8273.06,5346.09,1924.4,975.09,1190.57,1009.69,101.38,39.76,262.38,442.15
24,50,META,50689,SAN MARTÍN,214.0,390.0,0.0,0.0,0.0,0.0,0.0,0.0,0.0,0.0,0.0,0.0,148.07,0.0,150.35,0.0,77.54,0.0,34.17,0.0,3.96,0.0
25,50,META,50711,VISTAHERMOSA,12.0,0.0,1055.0,183.2,425.4,0.0,0.0,0.0,0.0,716.64,0.0,2927.7,6043.77,1863.21,1344.61,371.53,805.47,47.36,0.0,0.0,103.16,1129.17
26,86,PUTUMAYO,86569,PUERTO CAICEDO,0.0,0.0,0.0,0.0,0.0,34.0,138.2,0.0,6729.39,0.0,1704.28,443.54,521.28,1378.94,910.4,486.27,779.68,2143.78,1040.62,1970.7,942.66,888.55
27,86,PUTUMAYO,86571,PUERTO GUZMÁN,0.0,0.0,0.0,574.2,3949.1,4589.39,7774.17,40.0,2192.27,319.2,4032.29,4549.44,1717.22,4233.96,2372.65,1394.2,3922.41,2189.66,2000.81,1470.62,919.62,351.1
28,86,PUTUMAYO,86573,PUERTO LEGUÍZAMO,0.0,0.0,0.0,0.0,0.0,117.4,2440.7,1178.8,44.17,0.0,0.0,36.45,304.36,508.48,136.64,113.01,1211.73,803.93,168.55,396.69,226.69,254.11
29,86,PUTUMAYO,86885,VILLAGARZÓN,0.0,0.0,0.0,0.0,0.0,239.4,250.4,0.0,4362.84,97.39,1087.19,118.49,724.01,367.38,1565.31,255.25,931.16,282.16,360.06,977.37,325.52,422.33
30,95,GUAVIARE,95001,SAN JOSÉ DEL GUAVIARE,1704.0,8539.0,2081.79,9715.2,6202.08,2423.9,2654.5,2129.2,5216.8,6442.38,10840.3,6375.46,8946.36,4731.92,7483.03,5634.13,8017.51,3347.4,2766.32,2124.5,2393.66,812.02
31,95,GUAVIARE,95015,CALAMAR,77.0,807.0,879.45,2974.1,1019.59,2426.76,1534.5,478.4,735.0,9745.34,4290.61,1150.35,1746.02,1924.94,1273.72,1849.47,2653.24,1538.11,1528.9,698.82,1567.67,301.91
32,95,GUAVIARE,95025,EL RETORNO,1099.0,11692.0,4423.64,8976.9,3684.01,6128.16,1504.0,1247.8,1254.9,7609.32,7321.83,2334.16,3304.59,4070.99,2070.41,1706.73,2422.9,1593.56,1876.78,1172.29,1170.15,519.45
33,95,GUAVIARE,95200,MIRAFLORES,262.0,356.0,7040.35,8525.6,26174.91,6396.85,2548.2,3621.9,0.0,13696.47,8500.31,2004.99,717.49,222.28,2234.07,3393.21,4538.94,2438.18,4916.29,2800.5,3346.55,1816.67
34,97,VAUPÉS,97161,CARURÚ,0.0,0.0,0.0,0.0,348.8,0.0,0.0,0.0,0.0,0.0,755.66,340.17,0.0,0.0,0.0,0.0,0.0,0.0,0.0,0.0,0.0,0.0
35,99,VICHADA,99524,LA PRIMAVERA,0.0,0.0,0.0,0.0,296.7,0.0,0.0,0.0,0.0,0.0,0.0,0.0,217.1,171.35,0.0,0.0,0.0,0.0,0.0,0.0,0.0,0.0
36,99,VICHADA,99773,CUMARIBO,0.0,50.0,85.0,0.0,0.0,90.9,0.0,2819.5,0.0,0.0,1445.64,0.0,5267.93,7021.55,5900.9,1699.11,1425.5,1014.09,51.07,0.0,0.0,103.06
37,05,ANTIOQUIA,05001,MEDELLÍN,0.0,0.0,0.0,0.0,0.0,0.0,0.0,0.0,0.0,0.0,0.0,294.25,0.0,0.0,0.0,0.0,0.0,0.0,0.0,0.0,0.0,0.0
38,05,ANTIOQUIA,05040,ANORÍ,0.0,0.0,0.0,0.0,0.0,0.0,0.0,0.0,0.0,181.13,427.8,1533.97,1354.83,1947.99,952.95,973.08,241.07,1015.49,732.44,66.21,138.37,157.03
39,05,ANTIOQUIA,05055,ARGELIA,0.0,0.0,0.0,0.0,0.0,0.0,0.0,0.0,0.0,337.8,0.0,0.0,0.0,0.0,0.0,21.06,0.0,0.0,0.0,0.0,0.0,0.0
40,05,ANTIOQUIA,05142,CARACOLÍ,0.0,0.0,0.0,0.0,0.0,0.0,0.0,0.0,0.0,0.0,0.0,1444.72,0.0,0.0,0.0,2.78,0.0,0.0,0.0,0.0,0.0,0.0
41,05,ANTIOQUIA,05154,CAUCASIA,0.0,0.0,0.0,0.0,0.0,0.0,0.0,0.0,0.0,0.0,0.0,179.19,0.0,438.87,0.0,0.0,0.0,0.0,0.0,0.0,0.0,0.0
42,05,ANTIOQUIA,05209,CONCORDIA,0.0,0.0,0.0,0.0,0.0,0.0,0.0,0.0,0.0,0.0,0.0,89.53,0.0,0.0,0.0,0.0,0.0,0.0,0.0,0.0,0.0,0.0
43,05,ANTIOQUIA,05250,EL BAGRE,0.0,0.0,0.0,0.0,0.0,0.0,0.0,0.0,107.75,540.04,1461.07,280.44,1063.32,4534.54,1876.33,1716.34,365.22,1753.66,527.74,61.86,395.1,411.2
44,05,ANTIOQUIA,05483,NARIÑO,0.0,0.0,0.0,0.0,0.0,0.0,0.0,0.0,0.0,0.0,0.0,34.15,55.67,0.0,0.0,0.0,0.0,0.0,0.0,0.0,0.0,0.0
45,05,ANTIOQUIA,05495,NECHÍ,0.0,0.0,0.0,0.0,0.0,0.0,0.0,0.0,0.0,0.0,83.23,422.71,1188.25,1817.85,711.87,372.85,95.76,848.51,682.96,86.15,193.36,59.1
46,05,ANTIOQUIA,05585,PUERTO NARE,0.0,0.0,0.0,0.0,0.0,0.0,0.0,0.0,0.0,0.0,0.0,166.6,365.06,110.93,21.52,123.39,0.0,0.0,0.0,0.0,0.0,0.0
47,05,ANTIOQUIA,05591,PUERTO TRIUNFO,0.0,0.0,0.0,0.0,0.0,0.0,0.0,0.0,0.0,0.0,42.7,0.0,3.2,306.17,0.0,0.0,0.0,0.0,0.0,0.0,0.0,0.0
48,05,ANTIOQUIA,05660,SAN LUIS,0.0,0.0,0.0,0.0,0.0,0.0,0.0,0.0,0.0,0.0,0.0,148.86,406.05,106.47,0.0,409.07,0.0,0.0,0.0,0.0,0.0,0.0
49,05,ANTIOQUIA,05736,SEGOVIA,0.0,0.0,0.0,0.0,0.0,0.0,0.0,0.0,0.0,0.0,636.48,54.09,246.68,1092.24,790.88,278.12,66.22,326.87,316.26,0.0,177.15,177.63
50,05,ANTIOQUIA,05756,SONSÓN,0.0,0.0,0.0,0.0,0.0,0.0,0.0,0.0,0.0,0.0,226.22,242.23,240.16,141.73,89.44,318.65,0.0,0.0,0.0,7.29,0.0,0.0
51,05,ANTIOQUIA,05789,TÁMESIS,0.0,0.0,0.0,0.0,0.0,0.0,0.0,0.0,0.0,117.8,0.0,71.98,0.0,0.0,0.0,0.0,0.0,0.0,0.0,0.0,0.0,0.0
52,05,ANTIOQUIA,05893,YONDÓ,0.0,0.0,0.0,0.0,0.0,0.0,0.0,0.0,0.0,405.27,0.0,292.73,0.0,0.0,297.61,190.01,69.71,176.9,6.29,8.56,0.0,0.0
53,05,ANTIOQUIA,05895,ZARAGOZA,0.0,0.0,0.0,0.0,0.0,0.0,0.0,0.0,0.0,772.25,588.75,602.15,1558.06,2010.51,593.54,369.47,218.01,539.91,193.73,0.0,84.77,132.6
54,13,BOLÍVAR,13030,ALTOS DEL ROSARIO,0.0,0.0,0.0,0.0,0.0,0.0,0.0,0.0,0.0,0.0,0.0,49.56,0.0,0.0,0.0,158.65,0.0,34.0,0.0,8.78,0.0,0.0
55,13,BOLÍVAR,13042,ARENAL,0.0,0.0,0.0,0.0,0.0,0.0,0.0,0.0,0.0,0.0,0.0,105.32,302.35,170.86,0.0,214.23,0.0,56.18,14.16,57.72,0.0,0.0
56,13,BOLÍVAR,13074,BARRANCO DE LOBA,0.0,0.0,0.0,0.0,0.0,0.0,0.0,0.0,0.0,0.0,0.0,221.32,0.0,0.0,0.0,0.0,0.0,7.02,0.0,0.0,0.0,0.0
57,13,BOLÍVAR,13160,CANTAGALLO,0.0,0.0,0.0,0.0,0.0,0.0,0.0,2927.7,0.0,589.13,876.7,1207.09,0.0,214.72,387.38,2533.53,510.92,371.55,337.92,246.02,0.0,136.65
58,13,BOLÍVAR,13268,EL PEÑÓN,0.0,0.0,0.0,0.0,0.0,0.0,0.0,0.0,0.0,0.0,0.0,47.37,0.0,0.0,0.0,0.0,0.0,0.0,0.0,0.0,0.0,0.0
59,13,BOLÍVAR,13442,MARÍA LA BAJA,0.0,0.0,0.0,0.0,0.0,0.0,0.0,0.0,0.0,0.0,0.0,1569.37,0.0,0.0,0.0,0.0,0.0,0.0,0.0,0.0,0.0,0.0
60,13,BOLÍVAR,13473,MORALES,0.0,0.0,0.0,0.0,0.0,0.0,0.0,0.0,0.0,0.0,29.63,0.0,190.02,96.67,0.0,290.52,64.69,135.68,9.76,113.29,0.0,0.0
61,13,BOLÍVAR,13600,RÍO VIEJO,0.0,0.0,0.0,0.0,0.0,0.0,0.0,0.0,0.0,0.0,0.0,328.94,219.3,52.71,0.0,398.43,186.24,181.9,63.84,91.92,0.0,32.5
62,13,BOLÍVAR,13655,SAN JACINTO DEL CAUCA,0.0,0.0,0.0,0.0,0.0,0.0,0.0,0.0,0.0,0.0,0.0,30.72,109.75,0.0,0.0,310.2,381.03,379.34,171.82,0.0,30.23,20.39
63,13,BOLÍVAR,13667,SAN MARTÍN DE LOBA,0.0,0.0,0.0,0.0,0.0,0.0,0.0,0.0,0.0,0.0,0.0,309.38,0.0,0.0,0.0,195.02,0.0,9.29,0.0,0.0,0.0,0.0
64,13,BOLÍVAR,13670,SAN PABLO,0.0,0.0,0.0,0.0,0.0,0.0,0.0,2269.6,0.0,1976.16,1840.75,0.0,341.52,1679.58,650.69,1685.76,1018.63,66.42,147.21,591.35,0.0,211.3
65,13,BOLÍVAR,13683,SANTA ROSA,0.0,0.0,0.0,0.0,0.0,0.0,0.0,0.0,0.0,1642.8,517.7,0.0,170.27,0.0,0.0,0.0,0.0,0.0,0.0,0.0,0.0,0.0
66,13,BOLÍVAR,13688,SANTA ROSA DEL SUR,0.0,0.0,0.0,0.0,0.0,0.0,0.0,2914.5,0.0,46.89,1219.29,1418.23,633.52,1443.26,0.0,1467.28,503.55,502.87,417.41,376.08,78.68,176.73
67,13,BOLÍVAR,13744,SIMITÍ,0.0,0.0,0.0,0.0,0.0,0.0,0.0,3469.3,0.0,528.06,1972.34,1121.79,572.25,1126.88,15.13,402.92,473.4,388.41,30.02,270.84,0.0,144.62
68,15,BOYACÁ,15480,MUZO,0.0,0.0,0.0,0.0,0.0,0.0,0.0,0.0,0.0,0.0,0.0,77.81,0.0,0.0,0.0,0.0,0.0,0.0,0.0,0.0,0.0,0.0
69,15,BOYACÁ,15507,OTANCHE,0.0,0.0,0.0,0.0,0.0,0.0,58.1,0.0,0.0,0.0,0.0,0.0,109.7,0.0,0.0,0.0,0.0,0.0,0.0,0.0,0.0,0.0
70,15,BOYACÁ,15531,PAUNA,0.0,0.0,0.0,0.0,0.0,0.0,0.0,0.0,0.0,0.0,0.0,49.78,51.72,0.0,0.0,0.0,0.0,0.0,0.0,0.0,0.0,0.0
71,15,BOYACÁ,15572,PUERTO BOYACÁ,0.0,0.0,0.0,0.0,0.0,0.0,0.0,0.0,0.0,0.0,0.0,797.77,644.72,0.0,165.65,117.19,0.0,0.0,0.0,0.0,0.0,0.0
72,17,CALDAS,17662,SAMANÁ,0.0,0.0,0.0,0.0,0.0,0.0,0.0,0.0,0.0,0.0,189.62,1039.29,1006.17,283.66,0.0,113.88,0.0,0.0,0.0,0.0,0.0,0.0
73,17,CALDAS,17867,VICTORIA,0.0,0.0,0.0,0.0,0.0,0.0,0.0,0.0,0.0,0.0,0.0,50.7,39.08,0.0,0.0,0.0,0.0,0.0,0.0,0.0,0.0,0.0
74,18,CAQUETÁ,18001,FLORENCIA,0.0,0.0,0.0,0.0,0.0,0.0,0.0,0.0,0.0,0.0,219.76,114.12,0.0,68.09,53.41,0.0,454.72,134.42,0.0,0.0,30.0,18.23
75,18,CAQUETÁ,18753,SAN VICENTE DEL CAGUÁN,0.0,0.0,0.0,0.0,0.0,0.0,112.2,0.0,865.68,69.05,1509.68,362.73,99.59,0.0,610.77,739.07,1668.06,1097.24,178.23,303.38,475.72,447.25
76,19,CAUCA,19050,ARGELIA,0.0,0.0,0.0,0.0,0.0,0.0,800.0,649.8,0.0,115.19,0.0,247.88,0.0,868.81,439.83,85.33,0.0,0.0,0.0,0.0,0.0,0.0
77,19,CAUCA,19075,BALBOA,0.0,0.0,0.0,0.0,0.0,0.0,188.8,91.3,0.0,527.59,677.7,500.74,0.0,634.24,0.0,141.07,0.0,75.97,0.0,0.0,0.0,0.0
78,19,CAUCA,19100,BOLÍVAR,0.0,0.0,0.0,0.0,0.0,0.0,0.0,0.0,0.0,0.0,0.0,1242.53,0.0,87.41,95.04,359.95,0.0,17.18,115.12,0.0,0.0,0.0
79,19,CAUCA,19256,EL TAMBO,0.0,0.0,0.0,0.0,0.0,0.0,1481.1,0.0,0.0,104.72,0.0,0.0,0.0,204.61,0.0,28.95,211.62,135.66,695.13,0.0,93.53,35.86
80,19,CAUCA,19397,LA VEGA,0.0,0.0,0.0,0.0,0.0,0.0,0.0,0.0,0.0,64.0,0.0,0.0,0.0,24.16,0.0,0.0,0.0,0.0,0.0,0.0,0.0,0.0
81,19,CAUCA,19450,MERCADERES,0.0,0.0,0.0,0.0,0.0,0.0,0.0,0.0,0.0,391.41,75.3,31.8,0.0,196.78,74.18,384.41,0.0,91.72,168.22,0.0,0.0,0.0
82,19,CAUCA,19532,PATÍA,0.0,0.0,0.0,0.0,0.0,0.0,0.0,0.0,0.0,105.03,0.0,426.16,0.0,751.3,103.89,299.0,156.01,86.52,52.82,0.0,0.0,0.0
83,19,CAUCA,19693,SAN SEBASTIÁN,0.0,0.0,0.0,0.0,0.0,0.0,0.0,0.0,0.0,0.0,74.56,0.0,0.0,0.0,0.0,0.0,0.0,0.0,0.0,0.0,0.0,0.0
84,19,CAUCA,19701,SANTA ROSA,0.0,0.0,0.0,0.0,0.0,0.0,0.0,0.0,0.0,0.0,227.17,0.0,70.89,0.0,0.0,0.0,0.0,0.0,0.0,0.0,0.0,0.0
85,19,CAUCA,19760,SOTARA,0.0,0.0,0.0,0.0,0.0,0.0,0.0,0.0,0.0,0.0,0.0,19.04,0.0,0.0,0.0,0.0,0.0,0.0,0.0,0.0,0.0,0.0
86,23,CÓRDOBA,23068,AYAPEL,0.0,0.0,0.0,0.0,0.0,0.0,0.0,0.0,0.0,0.0,0.0,32.84,0.0,0.0,0.0,0.0,0.0,0.0,0.0,0.0,0.0,0.0
87,23,CÓRDOBA,23417,LORICA,0.0,0.0,0.0,0.0,0.0,0.0,0.0,0.0,0.0,0.0,0.0,101.42,0.0,0.0,0.0,0.0,0.0,0.0,0.0,0.0,0.0,0.0
88,23,CÓRDOBA,23466,MONTELÍBANO,0.0,0.0,0.0,0.0,0.0,0.0,0.0,0.0,550.6,0.0,0.0,116.62,1072.11,2955.07,1255.46,320.65,198.72,1046.8,804.13,162.47,82.65,224.54
89,25,CUNDINAMARCA,25148,CAPARRAPÍ,0.0,0.0,0.0,0.0,0.0,0.0,0.0,0.0,0.0,0.0,0.0,43.2,0.0,0.0,0.0,0.0,0.0,0.0,0.0,0.0,0.0,0.0
90,25,CUNDINAMARCA,25885,YACOPÍ,0.0,0.0,0.0,0.0,0.0,0.0,44.3,0.0,0.0,0.0,0.0,0.0,40.9,0.0,0.0,0.0,0.0,0.0,0.0,0.0,0.0,0.0
91,27,CHOCÓ,27745,SIPÍ,0.0,0.0,0.0,0.0,0.0,0.0,0.0,0.0,0.0,0.0,0.0,425.22,0.0,0.0,0.0,0.0,0.0,0.0,364.08,199.62,189.34,47.82
92,44,LA GUAJIRA,44001,RIOHACHA,0.0,0.0,0.0,0.0,0.0,0.0,0.0,0.0,0.0,0.0,0.0,38.67,0.0,0.0,0.0,0.0,0.0,0.0,0.0,0.0,0.0,0.0
93,44,LA GUAJIRA,44090,DIBULLA,0.0,0.0,0.0,0.0,0.0,0.0,0.0,0.0,0.0,0.0,448.6,533.82,0.0,0.0,0.0,0.0,0.0,0.0,0.0,0.0,0.0,0.0
94,47,MAGDALENA,47001,SANTA MARTA,0.0,0.0,0.0,0.0,0.0,0.0,0.0,0.0,0.0,0.0,1631.64,376.05,0.0,0.0,0.0,0.0,0.0,0.0,0.0,0.0,0.0,0.0
95,47,MAGDALENA,47189,CIÉNAGA,0.0,0.0,0.0,0.0,0.0,0.0,0.0,0.0,0.0,0.0,0.0,7.12,0.0,0.0,0.0,0.0,0.0,0.0,0.0,0.0,0.0,0.0
96,50,META,50001,VILLAVICENCIO,0.0,0.0,0.0,0.0,0.0,0.0,0.0,0.0,0.0,0.0,0.0,73.48,0.0,0.0,0.0,0.0,0.0,0.0,0.0,0.0,0.0,0.0
97,50,META,50287,FUENTE DE ORO,0.0,0.0,0.0,0.0,0.0,0.0,0.0,0.0,0.0,0.0,0.0,6.4,0.0,0.0,0.0,0.0,0.0,0.0,0.0,0.0,0.0,0.0
98,50,META,50330,MESETAS,0.0,0.0,0.0,0.0,0.0,0.0,0.0,0.0,0.0,342.2,0.0,0.0,0.0,0.0,0.0,0.0,0.0,0.0,0.0,0.0,0.0,0.0
99,50,META,50350,LA MACARENA,0.0,0.0,0.0,0.0,0.0,0.0,0.0,0.0,0.0,67.07,0.0,0.0,844.5,46.7,0.0,71.16,36.45,75.27,404.12,0.0,859.66,1844.92
100,50,META,50568,PUERTO GAITÁN,0.0,0.0,0.0,0.0,0.0,0.0,0.0,0.0,0.0,0.0,263.21,0.0,0.0,78.21,598.12,398.12,396.8,84.19,0.0,14.05,0.0,4.43
101,50,META,50680,SAN CARLOS DE GUAROA,0.0,0.0,0.0,0.0,0.0,0.0,0.0,0.0,0.0,0.0,0.0,110.5,0.0,0.0,0.0,0.0,0.0,0.0,0.0,0.0,0.0,0.0
102,52,NARIÑO,52001,PASTO,0.0,0.0,0.0,0.0,0.0,0.0,0.0,0.0,0.0,0.0,0.0,88.0,0.0,0.0,0.0,0.0,0.0,0.0,0.0,0.0,0.0,0.0
103,52,NARIÑO,52079,BARBACOAS,0.0,0.0,0.0,0.0,0.0,0.0,202.0,1955.61,3141.43,7107.93,3259.66,6976.6,6722.22,1671.65,3111.15,5781.91,4376.26,6689.22,5795.41,676.79,1044.94,279.63
104,52,NARIÑO,52250,EL CHARCO,0.0,0.0,0.0,0.0,0.0,0.0,0.0,0.0,0.0,410.03,1289.17,7783.53,5933.2,4256.11,9869.19,4362.77,3230.66,2726.82,2119.68,417.97,1437.21,1371.36
105,52,NARIÑO,52256,EL ROSARIO,0.0,0.0,0.0,0.0,0.0,0.0,0.0,0.0,0.0,0.0,28.44,0.0,1591.67,959.04,373.85,0.0,0.0,209.89,0.0,0.0,0.0,39.4
106,52,NARIÑO,52356,IPIALES,0.0,0.0,0.0,0.0,0.0,0.0,0.0,0.0,0.0,0.0,160.89,0.0,660.28,170.96,147.61,0.0,221.87,84.96,157.19,277.95,124.25,272.25
107,52,NARIÑO,52390,LA TOLA,0.0,0.0,0.0,0.0,0.0,0.0,0.0,0.0,0.0,0.0,0.0,153.78,483.49,324.1,667.39,317.33,286.11,195.71,143.38,77.06,219.68,290.94
108,52,NARIÑO,52405,LEIVA,0.0,0.0,0.0,0.0,0.0,0.0,93.4,0.0,0.0,0.0,0.0,574.72,247.45,241.1,102.83,31.45,0.0,52.92,0.0,0.0,0.0,0.0
109,52,NARIÑO,52427,MAGÜÍ,0.0,0.0,0.0,0.0,0.0,0.0,0.0,0.0,2754.34,3991.07,4867.1,9694.04,7993.48,5036.73,8398.43,9119.93,2393.1,7899.53,9678.21,1220.28,1885.53,711.74
110,52,NARIÑO,52490,OLAYA HERRERA,0.0,0.0,0.0,0.0,0.0,0.0,0.0,0.0,0.0,497.21,0.0,2103.06,5715.2,2366.24,4804.21,3165.61,2343.02,966.45,1164.22,0.0,780.56,185.31
111,52,NARIÑO,52520,FRANCISCO PIZARRO,0.0,0.0,0.0,0.0,0.0,0.0,0.0,0.0,0.0,93.74,0.0,402.96,1332.49,193.42,2454.28,639.46,580.19,417.2,570.44,236.28,211.99,43.7
112,52,NARIÑO,52612,RICAURTE,0.0,0.0,0.0,0.0,0.0,0.0,0.0,0.0,582.21,0.0,0.0,0.0,84.99,0.0,0.0,0.0,0.0,0.0,12.45,0.0,0.0,0.0
113,52,NARIÑO,52621,ROBERTO PAYÁN,0.0,0.0,0.0,0.0,0.0,0.0,1902.3,2169.96,1706.99,8611.84,9941.47,1290.13,6054.33,3505.34,10726.45,9423.19,5098.92,8703.75,9614.6,1152.59,2929.01,775.27
114,52,NARIÑO,52835,SAN ANDRÉS DE TUMACO,0.0,0.0,0.0,0.0,0.0,0.0,4243.8,4089.96,9776.81,16198.6,11760.61,28563.16,14415.58,13780.65,9554.86,5892.23,2959.07,5921.33,6849.31,1636.38,4164.65,1076.98
115,54,NORTE DE SANTANDER,54003,ÁBREGO,0.0,0.0,0.0,0.0,0.0,0.0,0.0,0.0,0.0,0.0,0.0,68.67,0.0,0.0,0.0,0.0,0.0,0.0,0.0,0.0,0.0,0.0
116,54,NORTE DE SANTANDER,54250,EL TARRA,0.0,0.0,0.0,0.0,0.0,0.0,0.0,262.6,0.0,637.85,699.92,0.0,314.43,688.17,797.04,225.89,0.0,0.0,0.0,0.0,0.0,0.0
117,54,NORTE DE SANTANDER,54261,EL ZULIA,0.0,0.0,0.0,0.0,0.0,0.0,0.0,0.0,0.0,0.0,0.0,30.61,0.0,0.0,0.0,0.0,0.0,0.0,0.0,0.0,0.0,0.0
118,54,NORTE DE SANTANDER,54344,HACARÍ,0.0,0.0,0.0,0.0,0.0,0.0,0.0,0.0,0.0,0.0,0.0,39.9,0.0,0.0,17.13,0.0,0.0,0.0,0.0,0.0,0.0,0.0
119,54,NORTE DE SANTANDER,54670,SAN CALIXTO,0.0,0.0,0.0,0.0,0.0,0.0,0.0,0.0,0.0,0.0,115.19,35.28,95.67,0.0,43.2,0.0,0.0,0.0,0.0,0.0,0.0,0.0
120,54,NORTE DE SANTANDER,54720,SARDINATA,0.0,0.0,0.0,0.0,0.0,0.0,0.0,810.8,0.0,519.97,1344.22,67.85,405.97,247.28,133.29,276.16,0.0,0.0,0.0,0.0,0.0,0.0
121,54,NORTE DE SANTANDER,54800,TEORAMA,0.0,0.0,0.0,0.0,0.0,0.0,0.0,0.0,0.0,167.19,47.13,0.0,0.0,293.43,96.03,106.55,0.0,0.0,0.0,0.0,0.0,0.0
122,54,NORTE DE SANTANDER,54810,TIBÚ,0.0,0.0,0.0,0.0,0.0,0.0,9584.0,9234.9,9186.37,12496.91,3479.24,656.74,870.67,1454.39,1777.17,1178.37,13.15,0.0,0.0,0.0,0.0,0.0
123,68,SANTANDER,68081,BARRANCABERMEJA,0.0,0.0,0.0,0.0,0.0,0.0,0.0,0.0,0.0,0.0,0.0,72.04,0.0,0.0,0.0,0.0,0.0,0.0,0.0,0.0,0.0,0.0
124,68,SANTANDER,68092,BETULIA,0.0,0.0,0.0,0.0,0.0,0.0,0.0,0.0,0.0,0.0,91.32,0.0,0.0,0.0,0.0,0.0,0.0,0.0,0.0,0.0,0.0,0.0
125,68,SANTANDER,68101,BOLÍVAR,0.0,0.0,0.0,0.0,0.0,0.0,0.0,0.0,0.0,0.0,1562.14,1346.27,1443.19,1225.19,59.35,275.9,116.67,0.0,0.0,0.0,0.0,0.0
126,68,SANTANDER,68190,CIMITARRA,0.0,0.0,0.0,0.0,0.0,0.0,0.0,0.0,0.0,5.0,0.0,34.26,24.38,160.05,176.41,461.3,23.38,86.38,0.0,0.0,0.0,0.0
127,68,SANTANDER,68250,EL PEÑÓN,0.0,0.0,0.0,0.0,0.0,0.0,0.0,0.0,0.0,0.0,0.0,145.41,199.81,0.0,0.0,49.15,0.0,0.0,0.0,0.0,0.0,0.0
128,68,SANTANDER,68271,FLORIÁN,0.0,0.0,0.0,0.0,0.0,0.0,94.3,0.0,0.0,0.0,0.0,0.0,0.0,0.0,0.0,0.0,0.0,0.0,0.0,0.0,0.0,0.0
129,68,SANTANDER,68385,LANDÁZURI,0.0,0.0,0.0,0.0,0.0,0.0,0.0,0.0,0.0,0.0,0.0,54.83,25.8,112.75,0.0,16.72,0.0,0.0,0.0,0.0,0.0,0.0
130,68,SANTANDER,68773,SUCRE,0.0,0.0,0.0,0.0,0.0,0.0,375.8,0.0,0.0,0.0,201.26,389.34,342.09,183.18,132.92,413.13,0.0,5.24,0.0,0.0,0.0,0.0
131,76,VALLE DEL CAUCA,76563,PRADERA,0.0,0.0,0.0,0.0,0.0,0.0,0.0,0.0,0.0,0.0,0.0,5.26,0.0,0.0,0.0,0.0,0.0,0.0,0.0,0.0,0.0,0.0
132,81,ARAUCA,81065,ARAUQUITA,0.0,0.0,0.0,0.0,0.0,0.0,0.0,0.0,0.0,9894.09,3917.74,1511.51,928.96,1854.35,1375.6,0.0,0.0,0.0,0.0,0.0,0.0,0.0
133,81,ARAUCA,81300,FORTUL,0.0,0.0,0.0,0.0,0.0,0.0,0.0,0.0,0.0,1557.86,867.17,135.09,259.0,403.11,724.34,0.0,0.0,0.0,0.0,0.0,0.0,0.0
134,81,ARAUCA,81591,PUERTO RONDÓN,0.0,0.0,0.0,0.0,0.0,0.0,0.0,0.0,0.0,282.36,0.0,32.22,0.0,0.0,0.0,0.0,0.0,0.0,0.0,0.0,0.0,0.0
135,81,ARAUCA,81736,SARAVENA,0.0,0.0,0.0,0.0,0.0,0.0,0.0,0.0,0.0,0.0,130.34,534.58,150.15,300.51,132.28,0.0,0.0,0.0,0.0,0.0,0.0,0.0
136,81,ARAUCA,81794,TAME,0.0,0.0,0.0,0.0,0.0,0.0,0.0,0.0,0.0,0.0,420.99,370.65,61.97,136.69,64.11,0.0,0.0,0.0,0.0,0.0,0.0,0.0
137,86,PUTUMAYO,86001,MOCOA,0.0,0.0,0.0,0.0,0.0,0.0,0.0,0.0,0.0,0.0,96.58,74.61,44.56,149.16,42.71,0.0,65.81,0.0,46.45,171.8,44.16,0.0
138,86,PUTUMAYO,86320,ORITO,0.0,0.0,0.0,0.0,0.0,0.0,0.0,6194.9,33813.97,1860.41,2137.7,345.5,3583.85,4443.69,4221.78,918.96,2702.14,903.79,1373.24,1631.45,1138.05,1048.75
139,86,PUTUMAYO,86568,PUERTO ASÍS,0.0,0.0,0.0,0.0,0.0,0.0,183.7,0.0,13446.41,1113.54,3445.46,2925.07,4192.84,5147.26,1376.73,449.44,1369.6,1165.43,1027.3,1398.39,3069.73,3203.98
140,86,PUTUMAYO,86757,SAN MIGUEL,0.0,0.0,0.0,0.0,0.0,0.0,0.0,8246.91,5194.9,2728.03,94.42,1040.87,3996.93,544.99,0.0,0.0,0.0,0.0,0.0,0.0,254.61,354.89
141,86,PUTUMAYO,86865,VALLE DEL GUAMUEZ,0.0,0.0,0.0,0.0,0.0,0.0,2721.7,16845.47,6106.86,2224.29,4925.99,2229.42,11406.1,9991.92,1272.17,159.61,451.28,1991.45,486.5,717.84,4131.38,1611.35
142,05,ANTIOQUIA,05031,AMALFI,0.0,0.0,0.0,0.0,0.0,0.0,0.0,0.0,0.0,0.0,0.0,0.0,569.82,251.09,148.93,200.69,144.28,233.28,248.98,0.0,19.19,60.08
143,05,ANTIOQUIA,05045,APARTADÓ,0.0,0.0,0.0,0.0,0.0,0.0,0.0,0.0,0.0,0.0,0.0,0.0,0.0,0.0,0.0,0.0,0.0,31.69,0.0,0.0,3.99,26.56
144,05,ANTIOQUIA,05107,BRICEÑO,0.0,0.0,0.0,0.0,0.0,0.0,0.0,0.0,0.0,0.0,0.0,0.0,165.03,0.0,0.0,0.0,0.0,186.07,17.09,0.0,0.0,0.0
145,05,ANTIOQUIA,05604,REMEDIOS,0.0,0.0,0.0,0.0,0.0,0.0,0.0,0.0,0.0,0.0,0.0,0.0,0.0,0.0,0.0,0.0,90.82,146.7,169.24,0.0,91.3,86.98
146,05,ANTIOQUIA,05649,SAN CARLOS,0.0,0.0,0.0,0.0,0.0,0.0,0.0,0.0,0.0,0.0,0.0,0.0,0.0,0.0,0.0,0.2,0.0,0.0,0.0,50.92,0.0,0.0
147,05,ANTIOQUIA,05670,SAN ROQUE,0.0,0.0,0.0,0.0,0.0,0.0,0.0,0.0,0.0,0.0,0.0,0.0,0.0,0.0,0.0,1.97,0.0,0.0,0.0,0.0,0.0,0.0
148,13,BOLÍVAR,13006,ACHÍ,0.0,0.0,0.0,0.0,0.0,0.0,0.0,0.0,0.0,0.0,0.0,0.0,0.0,0.0,25.05,230.11,228.56,226.37,95.27,0.0,0.0,67.23
149,13,BOLÍVAR,13458,MONTECRISTO,0.0,0.0,0.0,0.0,0.0,0.0,0.0,0.0,0.0,0.0,0.0,0.0,68.14,2265.02,827.73,653.34,965.59,1044.08,1055.82,122.24,266.31,246.75
150,13,BOLÍVAR,13654,SAN JACINTO,0.0,0.0,0.0,0.0,0.0,0.0,0.0,0.0,0.0,0.0,0.0,0.0,0.0,0.0,48.59,0.0,0.0,0.0,0.0,0.0,36.05,28.62
151,13,BOLÍVAR,13810,TIQUISIO,0.0,0.0,0.0,0.0,0.0,0.0,0.0,0.0,0.0,0.0,0.0,0.0,54.92,0.0,259.42,174.55,79.35,160.7,397.15,46.9,0.0,146.8
152,15,BOYACÁ,15442,MARIPÍ,0.0,0.0,0.0,0.0,0.0,0.0,0.0,0.0,0.0,0.0,0.0,0.0,24.37,0.0,0.0,0.0,0.0,0.0,0.0,0.0,0.0,0.0
153,17,CALDAS,17495,NORCASIA,0.0,0.0,0.0,0.0,0.0,0.0,0.0,0.0,0.0,0.0,0.0,0.0,0.0,0.0,0.0,55.09,0.0,0.0,0.0,0.0,0.0,0.0
154,17,CALDAS,17541,PENSILVANIA,0.0,0.0,0.0,0.0,0.0,0.0,0.0,0.0,0.0,0.0,0.0,0.0,23.2,0.0,0.0,0.0,0.0,0.0,0.0,0.0,0.0,0.0
155,18,CAQUETÁ,18479,MORELIA,0.0,0.0,0.0,0.0,0.0,0.0,0.0,0.0,0.0,0.0,0.0,0.0,0.0,0.0,0.0,269.15,0.0,0.0,10.0,0.0,0.0,0.0
156,19,CAUCA,19318,GUAPÍ,0.0,0.0,0.0,0.0,0.0,0.0,0.0,0.0,0.0,0.0,0.0,0.0,141.88,0.0,2937.65,1928.44,3810.27,3504.17,2079.17,434.38,873.6,294.15
157,19,CAUCA,19418,LÓPEZ DE MICAY,0.0,0.0,0.0,0.0,0.0,0.0,0.0,0.0,0.0,0.0,0.0,0.0,32.37,0.0,0.0,1447.45,4164.14,922.19,1846.93,1523.42,543.39,744.33
158,19,CAUCA,19473,MORALES,0.0,0.0,0.0,0.0,0.0,0.0,0.0,0.0,0.0,0.0,0.0,0.0,0.0,0.0,0.0,0.0,0.0,8.45,0.0,0.0,0.0,0.0
159,19,CAUCA,19622,ROSAS,0.0,0.0,0.0,0.0,0.0,0.0,0.0,0.0,0.0,0.0,0.0,0.0,0.0,0.0,0.0,0.0,0.0,51.15,123.69,0.0,0.0,0.0
160,19,CAUCA,19809,TIMBIQUÍ,0.0,0.0,0.0,0.0,0.0,0.0,0.0,0.0,0.0,0.0,0.0,0.0,434.16,0.0,1777.08,5725.89,5745.06,5641.51,4756.62,1054.86,1092.21,318.0
161,23,CÓRDOBA,23574,PUERTO ESCONDIDO,0.0,0.0,0.0,0.0,0.0,0.0,0.0,0.0,0.0,0.0,0.0,0.0,0.0,0.0,101.51,0.0,0.0,0.0,0.0,0.0,0.0,0.0
162,23,CÓRDOBA,23807,TIERRALTA,0.0,0.0,0.0,0.0,0.0,0.0,0.0,0.0,0.0,0.0,0.0,0.0,1818.48,514.44,377.5,137.89,75.3,596.93,265.55,736.4,19.12,137.77
163,27,CHOCÓ,27025,ALTO BAUDÓ,0.0,0.0,0.0,0.0,0.0,0.0,0.0,0.0,0.0,0.0,0.0,0.0,0.0,0.0,0.0,0.0,0.0,483.58,813.73,356.99,1399.68,118.73
164,27,CHOCÓ,27077,BAJO BAUDÓ,0.0,0.0,0.0,0.0,0.0,0.0,0.0,0.0,0.0,0.0,0.0,0.0,0.0,0.0,0.0,0.0,0.0,257.74,983.36,539.98,540.1,113.95
165,27,CHOCÓ,27135,EL CANTÓN DEL SAN PABLO,0.0,0.0,0.0,0.0,0.0,0.0,0.0,0.0,0.0,0.0,0.0,0.0,0.0,0.0,0.0,0.0,0.0,135.1,133.97,354.1,208.51,87.27
166,27,CHOCÓ,27361,ISTMINA,0.0,0.0,0.0,0.0,0.0,0.0,0.0,0.0,0.0,0.0,0.0,0.0,0.0,0.0,0.0,0.0,0.0,2122.1,6269.73,2697.23,1530.96,857.75
167,27,CHOCÓ,27430,MEDIO BAUDÓ,0.0,0.0,0.0,0.0,0.0,0.0,0.0,0.0,0.0,0.0,0.0,0.0,0.0,0.0,0.0,0.0,0.0,164.31,853.38,0.0,568.34,261.25
168,27,CHOCÓ,27491,NÓVITA,0.0,0.0,0.0,0.0,0.0,0.0,0.0,0.0,0.0,0.0,0.0,0.0,0.0,0.0,0.0,0.0,0.0,965.72,1985.21,445.98,545.69,281.78
169,27,CHOCÓ,27600,RÍO QUITO,0.0,0.0,0.0,0.0,0.0,0.0,0.0,0.0,0.0,0.0,0.0,0.0,0.0,0.0,0.0,0.0,0.0,158.77,62.97,66.84,95.05,3.67
170,50,META,50683,SAN JUAN DE ARAMA,0.0,0.0,0.0,0.0,0.0,0.0,0.0,0.0,0.0,0.0,0.0,0.0,56.49,0.0,0.0,157.23,0.53,0.0,29.81,0.0,26.21,9.8
171,52,NARIÑO,52083,BELÉN,0.0,0.0,0.0,0.0,0.0,0.0,0.0,0.0,0.0,0.0,0.0,0.0,28.38,0.0,0.0,0.0,0.0,0.0,0.0,0.0,0.0,0.0
172,52,NARIÑO,52110,BUESACO,0.0,0.0,0.0,0.0,0.0,0.0,0.0,0.0,0.0,0.0,0.0,0.0,288.9,0.0,0.0,0.0,0.0,0.0,0.0,0.0,0.0,0.0
173,52,NARIÑO,52227,CUMBAL,0.0,0.0,0.0,0.0,0.0,0.0,0.0,0.0,0.0,0.0,0.0,0.0,0.0,19.32,0.0,0.0,0.0,0.0,0.0,0.0,0.0,0.0
174,52,NARIÑO,52233,CUMBITARA,0.0,0.0,0.0,0.0,0.0,0.0,0.0,0.0,0.0,0.0,0.0,0.0,2610.43,1111.44,177.37,620.23,448.07,0.0,13.89,18.56,0.0,0.0
175,52,NARIÑO,52260,EL TAMBO,0.0,0.0,0.0,0.0,0.0,0.0,0.0,0.0,0.0,0.0,0.0,0.0,0.0,522.98,0.0,0.0,0.0,0.0,0.0,0.0,0.0,0.0
176,52,NARIÑO,52385,LA LLANADA,0.0,0.0,0.0,0.0,0.0,0.0,0.0,0.0,0.0,0.0,0.0,0.0,0.0,0.0,0.0,0.0,262.13,0.0,203.76,58.88,40.15,44.81
177,52,NARIÑO,52418,LOS ANDES,0.0,0.0,0.0,0.0,0.0,0.0,0.0,0.0,0.0,0.0,0.0,0.0,214.53,5.45,0.0,0.0,0.0,0.0,803.05,35.2,163.44,51.91
178,52,NARIÑO,52473,MOSQUERA,0.0,0.0,0.0,0.0,0.0,0.0,0.0,0.0,0.0,0.0,0.0,0.0,1010.52,395.78,251.94,0.0,469.2,31.74,445.04,1384.21,1363.96,133.24
179,52,NARIÑO,52540,POLICARPA,0.0,0.0,0.0,0.0,0.0,0.0,0.0,0.0,0.0,0.0,0.0,0.0,1539.4,503.53,354.99,114.29,321.77,0.0,0.0,0.0,0.0,0.0
180,52,NARIÑO,52678,SAMANIEGO,0.0,0.0,0.0,0.0,0.0,0.0,0.0,0.0,0.0,0.0,0.0,0.0,0.0,0.0,0.29,0.0,227.86,0.0,73.98,361.8,88.22,36.87
181,52,NARIÑO,52694,SAN PEDRO DE CARTAGO,0.0,0.0,0.0,0.0,0.0,0.0,0.0,0.0,0.0,0.0,0.0,0.0,64.97,0.0,0.0,0.0,0.0,0.0,0.0,0.0,0.0,0.0
182,52,NARIÑO,52696,SANTA BÁRBARA,0.0,0.0,0.0,0.0,0.0,0.0,0.0,0.0,0.0,0.0,0.0,0.0,2873.03,1134.58,3055.55,828.95,2722.21,1088.47,186.26,546.68,414.44,192.93
183,52,NARIÑO,52786,TAMINANGO,0.0,0.0,0.0,0.0,0.0,0.0,0.0,0.0,0.0,0.0,0.0,0.0,0.0,76.13,0.0,0.0,0.0,0.0,0.0,0.0,0.0,0.0
184,54,NORTE DE SANTANDER,54128,CÁCHIRA,0.0,0.0,0.0,0.0,0.0,0.0,0.0,0.0,0.0,0.0,0.0,0.0,0.0,0.0,0.0,36.17,78.19,0.0,0.0,0.0,0.0,0.0
185,54,NORTE DE SANTANDER,54385,LA ESPERANZA,0.0,0.0,0.0,0.0,0.0,0.0,0.0,0.0,0.0,0.0,0.0,0.0,0.0,0.0,0.0,60.08,57.16,0.0,0.0,0.0,0.0,0.0
186,68,SANTANDER,68255,EL PLAYÓN,0.0,0.0,0.0,0.0,0.0,0.0,0.0,0.0,0.0,0.0,0.0,0.0,0.0,0.0,0.0,0.82,6.18,0.0,0.0,0.0,0.0,0.0
187,68,SANTANDER,68377,LA BELLEZA,0.0,0.0,0.0,0.0,0.0,0.0,0.0,0.0,0.0,0.0,0.0,0.0,110.83,72.38,0.0,0.0,0.0,0.0,0.0,0.0,0.0,0.0
188,68,SANTANDER,68573,PUERTO PARRA,0.0,0.0,0.0,0.0,0.0,0.0,0.0,0.0,0.0,0.0,0.0,0.0,0.0,0.0,53.7,37.47,2.49,0.0,0.0,0.0,0.0,0.0
189,68,SANTANDER,68745,SIMACOTA,0.0,0.0,0.0,0.0,0.0,0.0,0.0,0.0,0.0,0.0,0.0,0.0,0.0,0.0,0.0,14.13,4.31,0.0,0.0,0.0,0.0,0.0
190,76,VALLE DEL CAUCA,76109,BUENAVENTURA,0.0,0.0,0.0,0.0,0.0,0.0,0.0,0.0,0.0,0.0,0.0,0.0,0.0,0.0,0.0,0.0,0.0,718.69,892.83,1993.44,410.26,36.78
191,05,ANTIOQUIA,05038,ANGOSTURA,0.0,0.0,0.0,0.0,0.0,0.0,0.0,0.0,0.0,0.0,0.0,0.0,0.0,0.0,0.0,0.0,0.0,0.0,0.0,0.0,0.0,52.35
192,05,ANTIOQUIA,05125,CAICEDO,0.0,0.0,0.0,0.0,0.0,0.0,0.0,0.0,0.0,0.0,0.0,0.0,0.0,0.0,0.0,0.0,0.0,0.0,0.0,0.0,0.0,77.39
193,05,ANTIOQUIA,05134,CAMPAMENTO,0.0,0.0,0.0,0.0,0.0,0.0,0.0,0.0,0.0,0.0,0.0,0.0,0.0,0.0,0.0,0.0,0.0,0.0,153.14,0.0,0.0,0.0
194,05,ANTIOQUIA,05172,CHIGORODÓ,0.0,0.0,0.0,0.0,0.0,0.0,0.0,0.0,0.0,0.0,0.0,0.0,0.0,0.0,0.0,0.0,0.0,0.0,0.0,57.95,0.0,0.0
195,05,ANTIOQUIA,05475,MURINDÓ,0.0,0.0,0.0,0.0,0.0,0.0,0.0,0.0,0.0,0.0,0.0,0.0,0.0,0.0,0.0,0.0,0.0,0.0,0.0,44.12,0.0,0.0
196,05,ANTIOQUIA,05480,MUTATÁ,0.0,0.0,0.0,0.0,0.0,0.0,0.0,0.0,0.0,0.0,0.0,0.0,0.0,0.0,0.0,0.0,0.0,0.0,0.0,5.22,0.0,0.0
197,05,ANTIOQUIA,05665,SAN PEDRO DE URABÁ,0.0,0.0,0.0,0.0,0.0,0.0,0.0,0.0,0.0,0.0,0.0,0.0,0.0,0.0,0.0,0.0,0.0,0.0,0.0,0.0,0.0,15.74
198,05,ANTIOQUIA,05837,TURBO,0.0,0.0,0.0,0.0,0.0,0.0,0.0,0.0,0.0,0.0,0.0,0.0,0.0,0.0,0.0,0.0,0.0,0.0,11.24,115.25,0.0,198.84
199,05,ANTIOQUIA,05858,VEGACHÍ,0.0,0.0,0.0,0.0,0.0,0.0,0.0,0.0,0.0,0.0,0.0,0.0,0.0,0.0,0.0,0.0,0.0,0.0,17.62,0.0,0.0,0.0
200,05,ANTIOQUIA,05873,VIGÍA DEL FUERTE,0.0,0.0,0.0,0.0,0.0,0.0,0.0,0.0,0.0,0.0,0.0,0.0,0.0,0.0,0.0,0.0,0.0,0.0,0.0,28.98,0.0,0.0
201,05,ANTIOQUIA,05885,YALÍ,0.0,0.0,0.0,0.0,0.0,0.0,0.0,0.0,0.0,0.0,0.0,0.0,0.0,0.0,0.0,0.0,0.0,0.0,1.67,0.0,0.0,0.0
202,05,ANTIOQUIA,05887,YARUMAL,0.0,0.0,0.0,0.0,0.0,0.0,0.0,0.0,0.0,0.0,0.0,0.0,0.0,0.0,0.0,0.0,0.0,0.0,1.95,0.0,0.0,0.0
203,13,BOLÍVAR,13490,NOROSÍ,0.0,0.0,0.0,0.0,0.0,0.0,0.0,0.0,0.0,0.0,0.0,0.0,0.0,0.0,0.0,0.0,0.0,0.0,0.0,0.0,0.0,9.24
204,19,CAUCA,19392,LA SIERRA,0.0,0.0,0.0,0.0,0.0,0.0,0.0,0.0,0.0,0.0,0.0,0.0,0.0,0.0,0.0,0.0,0.0,0.0,74.13,0.0,0.0,0.0
205,23,CÓRDOBA,23001,MONTERÍA,0.0,0.0,0.0,0.0,0.0,0.0,0.0,0.0,0.0,0.0,0.0,0.0,0.0,0.0,0.0,0.0,0.0,0.0,28.58,0.0,0.0,0.0
206,23,CÓRDOBA,23555,PLANETA RICA,0.0,0.0,0.0,0.0,0.0,0.0,0.0,0.0,0.0,0.0,0.0,0.0,0.0,0.0,0.0,0.0,0.0,0.0,0.0,0.0,11.09,0.0
207,23,CÓRDOBA,23682,SAN JOSÉ DE URÉ,0.0,0.0,0.0,0.0,0.0,0.0,0.0,0.0,0.0,0.0,0.0,0.0,0.0,0.0,0.0,0.0,0.0,0.0,0.0,0.0,8.14,99.95
208,23,CÓRDOBA,23855,VALENCIA,0.0,0.0,0.0,0.0,0.0,0.0,0.0,0.0,0.0,0.0,0.0,0.0,0.0,0.0,0.0,0.0,0.0,0.0,8.89,0.0,8.87,27.87
209,25,CUNDINAMARCA,25839,UBALÁ,0.0,0.0,0.0,0.0,0.0,0.0,0.0,0.0,0.0,0.0,0.0,0.0,0.0,0.0,0.0,0.0,0.0,0.0,0.0,258.02,0.0,0.0
210,27,CHOCÓ,27001,QUIBDÓ,0.0,0.0,0.0,0.0,0.0,0.0,0.0,0.0,0.0,0.0,0.0,0.0,0.0,0.0,0.0,0.0,0.0,0.0,39.12,135.13,29.08,68.63
211,27,CHOCÓ,27006,ACANDÍ,0.0,0.0,0.0,0.0,0.0,0.0,0.0,0.0,0.0,0.0,0.0,0.0,0.0,0.0,0.0,0.0,0.0,0.0,0.0,26.39,0.0,0.0
212,27,CHOCÓ,27099,BOJAYÁ,0.0,0.0,0.0,0.0,0.0,0.0,0.0,0.0,0.0,0.0,0.0,0.0,0.0,0.0,0.0,0.0,0.0,0.0,0.0,4.98,0.0,0.0
213,27,CHOCÓ,27150,CARMEN DEL DARIÉN,0.0,0.0,0.0,0.0,0.0,0.0,0.0,0.0,0.0,0.0,0.0,0.0,0.0,0.0,0.0,0.0,0.0,0.0,0.0,55.89,0.0,0.0
214,27,CHOCÓ,27160,CÉRTEGUI,0.0,0.0,0.0,0.0,0.0,0.0,0.0,0.0,0.0,0.0,0.0,0.0,0.0,0.0,0.0,0.0,0.0,0.0,0.0,0.0,0.0,11.19
215,27,CHOCÓ,27205,CONDOTO,0.0,0.0,0.0,0.0,0.0,0.0,0.0,0.0,0.0,0.0,0.0,0.0,0.0,0.0,0.0,0.0,0.0,0.0,0.0,0.0,0.0,45.04
216,27,CHOCÓ,27250,EL LITORAL DEL SAN JUAN,0.0,0.0,0.0,0.0,0.0,0.0,0.0,0.0,0.0,0.0,0.0,0.0,0.0,0.0,0.0,0.0,0.0,0.0,592.99,969.59,180.4,145.17
217,27,CHOCÓ,27425,MEDIO ATRATO,0.0,0.0,0.0,0.0,0.0,0.0,0.0,0.0,0.0,0.0,0.0,0.0,0.0,0.0,0.0,0.0,0.0,0.0,0.0,0.0,260.13,46.85
218,27,CHOCÓ,27450,MEDIO SAN JUAN,0.0,0.0,0.0,0.0,0.0,0.0,0.0,0.0,0.0,0.0,0.0,0.0,0.0,0.0,0.0,0.0,0.0,0.0,973.68,224.56,1852.66,517.95
219,27,CHOCÓ,27580,RÍO IRÓ,0.0,0.0,0.0,0.0,0.0,0.0,0.0,0.0,0.0,0.0,0.0,0.0,0.0,0.0,0.0,0.0,0.0,0.0,0.0,0.0,0.0,46.39
220,27,CHOCÓ,27615,RIOSUCIO,0.0,0.0,0.0,0.0,0.0,0.0,0.0,0.0,0.0,0.0,0.0,0.0,0.0,0.0,0.0,0.0,0.0,0.0,0.0,815.86,0.0,2.44
221,27,CHOCÓ,27660,SAN JOSÉ DEL PALMAR,0.0,0.0,0.0,0.0,0.0,0.0,0.0,0.0,0.0,0.0,0.0,0.0,0.0,0.0,0.0,0.0,0.0,0.0,186.56,120.67,28.04,129.0
222,27,CHOCÓ,27787,TADÓ,0.0,0.0,0.0,0.0,0.0,0.0,0.0,0.0,0.0,0.0,0.0,0.0,0.0,0.0,0.0,0.0,0.0,0.0,0.0,0.0,31.75,24.74
223,27,CHOCÓ,27800,UNGUÍA,0.0,0.0,0.0,0.0,0.0,0.0,0.0,0.0,0.0,0.0,0.0,0.0,0.0,0.0,0.0,0.0,0.0,0.0,0.0,192.4,0.0,0.0
224,27,CHOCÓ,27810,UNIÓN PANAMERICANA,0.0,0.0,0.0,0.0,0.0,0.0,0.0,0.0,0.0,0.0,0.0,0.0,0.0,0.0,0.0,0.0,0.0,0.0,0.0,0.0,0.0,64.12
225,52,NARIÑO,52207,CONSACÁ,0.0,0.0,0.0,0.0,0.0,0.0,0.0,0.0,0.0,0.0,0.0,0.0,0.0,0.0,0.0,0.0,0.0,0.0,0.0,0.0,169.71,0.0
226,52,NARIÑO,52254,EL PEÑOL,0.0,0.0,0.0,0.0,0.0,0.0,0.0,0.0,0.0,0.0,0.0,0.0,0.0,0.0,0.0,0.0,0.0,0.0,0.0,0.0,63.15,0.0
227,52,NARIÑO,52411,LINARES,0.0,0.0,0.0,0.0,0.0,0.0,0.0,0.0,0.0,0.0,0.0,0.0,0.0,0.0,0.0,0.0,0.0,0.0,0.0,0.0,38.66,0.0
228,52,NARIÑO,52683,SANDONÁ,0.0,0.0,0.0,0.0,0.0,0.0,0.0,0.0,0.0,0.0,0.0,0.0,0.0,0.0,0.0,0.0,0.0,0.0,0.0,0.0,65.18,0.0
229,76,VALLE DEL CAUCA,76100,BOLÍVAR,0.0,0.0,0.0,0.0,0.0,0.0,0.0,0.0,0.0,0.0,0.0,0.0,0.0,0.0,0.0,0.0,0.0,0.0,18.79,58.32,11.31,0.0
230,76,VALLE DEL CAUCA,76126,CALIMA,0.0,0.0,0.0,0.0,0.0,0.0,0.0,0.0,0.0,0.0,0.0,0.0,0.0,0.0,0.0,0.0,0.0,0.0,63.59,116.17,66.07,0.0
231,76,VALLE DEL CAUCA,76233,DAGUA,0.0,0.0,0.0,0.0,0.0,0.0,0.0,0.0,0.0,0.0,0.0,0.0,0.0,0.0,0.0,0.0,0.0,0.0,10.96,101.0,12.14,48.96
232,76,VALLE DEL CAUCA,76250,EL DOVIO,0.0,0.0,0.0,0.0,0.0,0.0,0.0,0.0,0.0,0.0,0.0,0.0,0.0,0.0,0.0,0.0,0.0,0.0,0.0,0.0,11.3,0.0
233,76,VALLE DEL CAUCA,76890,YOTOCO,0.0,0.0,0.0,0.0,0.0,0.0,0.0,0.0,0.0,0.0,0.0,0.0,0.0,0.0,0.0,0.0,0.0,0.0,0.0,0.0,0.0,140.51
234,86,PUTUMAYO,86755,SAN FRANCISCO,0.0,0.0,0.0,0.0,0.0,0.0,0.0,0.0,0.0,0.0,0.0,0.0,0.0,0.0,0.0,0.0,0.0,0.0,0.0,19.78,0.0,0.0
