,CODDEPTO,DEPARTAMENTO,CODMPIO,MUNICIPIO,1999,2000,2001,2002,2003,2004,2005,2006,2007,2008,2009,2010,2011,2012,2013,2014,2015,2016,2017,2018,2019,2020,2021,2022,2023,2024
0,05,ANTIOQUIA,05120,CÁCERES,0.0,0.0,0.0,0.0,2375.0,2000.0,11840.0,15734.0,6795.0,2137.0,787.0,275.0,2360.0,950.0,900.0,4827.07,2714.67,587.0,350.0,3670.17,890.01,927.0,0.0,0.0,1340.0,0.0
1,05,ANTIOQUIA,05154,CAUCASIA,0.0,0.0,2710.0,0.0,562.0,6070.0,0.0,90.0,0.0,0.0,0.0,470.0,200.0,103.0,102.0,0.0,0.0,200.0,0.0,0.0,0.0,0.0,0.0,0.0,0.0,0.0
2,05,ANTIOQUIA,05172,CHIGORODÓ,0.0,0.0,0.0,0.0,150.001,0.0,0.0,0.0,38.0,0.0,1000.0,0.0,874.5,2872.0,6516.0,1042.0,0.0,3150.0,420.0,650.0,0.0,0.0,0.0,0.0,688.26,25.0
3,05,ANTIOQUIA,05237,DON MATÍAS,0.0,0.0,450.0,0.0,0.0,0.0,0.0,0.0,0.0,0.0,0.0,0.0,0.0,0.0,0.0,0.0,0.0,0.0,0.0,0.0,0.0,0.0,0.0,0.0,0.0,0.0
4,05,ANTIOQUIA,05250,EL BAGRE,0.0,0.0,0.0,4672.0,1221.0,10963.0,9675.0,3000.0,0.0,2124.0,1900.013,120.0,2398.0,679.0,0.0,780.0,0.0,320.0,770.0,0.0,100.0,705.0,350.0,0.0,40.0,0.0
5,05,ANTIOQUIA,05483,NARIÑO,0.0,0.0,0.0,0.0,0.001,0.0,30.0,7700.0,9829.0,1470.0,0.0,1025.0,65.0,0.0,0.0,0.0,0.0,0.0,0.0,209.0,0.0,442.0,0.0,0.0,0.0,0.0
6,05,ANTIOQUIA,05495,NECHÍ,0.0,0.0,0.0,0.0,0.0,50.0,44.0,785.0,3020.0,11389.0,8527.0,2462.0,2196.0,0.0,0.0,3037.0,1000.0,0.0,20.0,275.0,692.0,0.0,35.0,0.0,0.0,0.0
7,05,ANTIOQUIA,05647,SAN ANDRÉS,0.0,0.0,0.0,0.0,0.0,0.25,0.0,0.0,0.0,0.0,0.0,4.0,150.0,0.0,0.0,0.0,0.0,0.0,0.0,0.0,0.0,0.0,0.0,0.0,0.0,0.0
8,05,ANTIOQUIA,05652,SAN FRANCISCO,250.0,0.0,0.0,0.0,0.0,0.0,0.0,340.0,2086.0,0.0,7167.613,4581.895,2846.0,750.0,650.0,9647.5,270.0,940.0,250.0,0.0,0.0,405.0,20.0,100.0,0.0,0.0
9,05,ANTIOQUIA,05665,SAN PEDRO DE URABÁ,0.0,0.0,1325.0,0.0,1000.0,0.0,0.0,0.0,0.0,0.0,0.0,0.0,0.0,0.0,0.0,0.0,0.0,0.0,0.0,0.0,0.0,0.0,0.0,0.0,0.0,0.0
10,05,ANTIOQUIA,05670,SAN ROQUE,0.0,0.0,0.0,0.0,125.0,0.0,0.0,0.0,0.0,0.0,75.0,0.0,0.0,0.0,0.0,0.0,0.0,0.0,0.0,0.0,0.0,0.0,0.0,0.0,0.0,0.0
11,05,ANTIOQUIA,05790,TARAZÁ,3565.0,11431.0,1100.0,6127.0,12608.001,30289.44,38013.0,104084.895,3567.0,2325.0,11370.0,4838.5,4516.0,3682.5,2775.0,3362.0,10152.75,1842.0,3895.0,1240.0,1559.5,635.0,280.0,0.0,107.0,323.0
12,05,ANTIOQUIA,05792,TARSO,0.0,0.0,0.0,0.0,0.0,6.25,0.0,0.0,0.0,0.0,0.0,0.0,0.0,0.0,0.0,0.0,0.0,0.0,0.0,0.0,0.0,0.0,0.0,0.0,0.0,0.0
13,05,ANTIOQUIA,05837,TURBO,0.0,125.0,1950.0,225.0,125.0,0.0,5022.0,180.0,0.0,0.0,0.0,150.0,0.0,2.268,2167.0,605.1,2218.0,4319.5,487.0,0.0,262.0,520.0,310.0,0.0,1851.15,0.0
14,05,ANTIOQUIA,05854,VALDIVIA,0.0,0.0,0.0,500.0,226025.0,4100.0,11588.0,15444.0,8197.0,4979.0,16859.358,8269.0,2207.5,5599.5,1262.5,27600.0,40335.02,16572.037,7207.0,4925.826,3210.0,2953.0,332.09,75.0,2297.0,0.0
15,05,ANTIOQUIA,05893,YONDÓ ,0.0,0.0,750.0,0.0,4310.001,156.0,20.5,250.0,2270.0,1217.0,1645.0,602.0,0.0,2777.5,112.0,0.0,0.0,0.0,546.0,62.5,0.0,0.0,0.0,0.0,0.0,0.0
16,05,ANTIOQUIA,05895,ZARAGOZA,0.0,0.0,0.0,350.0,175.0,6349.0,0.0,3125.0,0.0,0.0,1005.18,0.0,0.0,0.0,0.0,0.0,159.0,0.0,0.0,200.0,1325.0,310.0,165.0,200.0,120.0,0.0
17,08,ATLANTICO,08573,PUERTO COLOMBIA,0.0,0.0,0.0,100.0,0.0,0.0,0.0,0.0,0.0,0.0,0.0,0.0,0.0,0.0,0.0,0.0,0.0,0.0,0.0,0.0,0.0,0.0,0.0,0.0,0.0,0.0
18,13,BOLÍVAR,13030,ALTOS DEL ROSARIO,0.0,375.0,0.0,0.0,0.0,0.06,0.0,942.5,0.0,0.0,0.0,0.0,0.0,0.0,0.0,0.0,275.022,0.0,0.0,0.0,0.0,0.0,0.0,0.0,0.0,0.0
19,13,BOLÍVAR,13074,BARRANCO DE LOBA,1275.0,500.0,0.0,0.0,0.0,349.0,625.0,900.0,125.0,25.0,0.0,1605.0,0.0,0.0,0.0,0.0,0.0,0.0,0.0,0.0,0.0,0.0,0.0,0.0,120.0,0.0
20,13,BOLÍVAR,13160,CANTAGALLO,0.0,0.0,625.0,0.0,1995.0,3877.0,3280.0,300.0,262.0,4318.0,18274.0,2780.0,219.2,870.0,945.0,515.0,1140.0,685.08,1760.181,930.0,1370.0,461.0,3054.0,708.0,80.0,0.0
21,13,BOLÍVAR,13458,MONTECRISTO,0.0,0.0,0.0,62.0,0.0,0.0,1312.5,18.0,5731.0,14967.0,1400.0,787.5,1980.0,4955.0,7540.0,0.0,7613.5,1290.0,830.0,0.0,2068.9,300.0,400.0,120.0,0.0,0.0
22,13,BOLÍVAR,13473,MORALES,0.0,0.0,0.0,0.0,25.0,240.0,1040.0,0.0,0.0,325.0,1313.0,67.5,1500.0,380.0,0.0,245.5,0.0,0.0,2760.0,430.0,0.0,0.0,200.0,66.0,0.0,0.0
23,13,BOLÍVAR,13600,RIOVIEJO,0.0,0.0,0.0,0.0,0.0,1250.0,0.0,0.0,250.0,0.0,0.0,0.0,0.0,3661.0,0.0,3.0,0.0,0.0,0.0,0.0,0.0,0.0,0.0,0.0,0.0,0.0
24,13,BOLÍVAR,13667,SAN MARTÍN DE LOBA,0.0,0.0,0.0,0.0,875.0,0.0,0.0,0.0,0.0,0.0,100.0,1100.0,0.0,0.0,0.0,0.0,544.27,0.0,0.0,0.0,0.0,0.0,0.0,0.0,157.0,0.0
25,13,BOLÍVAR,13670,SAN PABLO,80250.0,0.0,0.0,0.0,4169.0,8019.0,3373.0,983.0,1910.0,4375.0,8681.0,3350.0,7575.755,7693.5,612.0,5535.2,2327.03,2205.25,1415.051,663.33,4852.0,350.0,2427.212,1170.0,896.0,0.0
26,13,BOLÍVAR,13683,SANTA ROSA,0.0,1000.0,175.0,625.0,0.0,21501.0,187.0,488.0,0.0,953.0,2757.0,0.0,0.0,0.0,0.0,0.0,0.0,0.0,2150.0,110.0,0.0,0.0,0.0,0.0,0.0,0.0
27,13,BOLÍVAR,13688,SANTA ROSA DEL SUR,0.0,0.0,0.0,0.0,0.0,504.27,0.0,0.0,5125.0,0.0,2460.0,125.5,500.0,1175.0,1488.563,4148.0,1115.28,180.0,570.0,1630.0,150.0,82.0,3953.478,1916.0,4726.6,0.0
28,13,BOLÍVAR,13744,SIMITÍ,0.0,0.0,63.0,0.0,0.0,4.0,0.0,0.0,3800.0,0.0,85.0,1035.0,880.0,0.0,0.0,305.0,0.05,0.0,0.0,2500.0,40.0,170.0,1278.287,2215.0,2020.0,0.0
29,13,BOLÍVAR,13810,TIQUISIO ,0.0,0.0,0.0,1000.0,100.0,1250.0,0.0,3375.12,0.0,0.0,750.0,620.0,0.0,2920.0,870.0,2.0,0.0,0.0,0.0,250.0,553.0,1009.0,835.5,900.0,0.0,0.0
30,15,BOYACÁ,15176,CHIQUINQUIRÁ,0.0,0.0,0.0,0.0,675.0,0.0,20.0,402.0,0.0,0.0,0.0,0.0,0.0,0.0,0.0,0.0,0.0,0.0,0.0,0.0,0.0,0.0,0.0,0.0,0.0,0.0
31,15,BOYACÁ,15218,COVARACHÍA,0.0,0.0,0.0,0.0,0.0,40.0,0.0,0.0,0.0,0.0,0.0,0.0,0.0,0.0,0.0,0.0,0.0,0.0,0.0,0.0,0.0,0.0,0.0,0.0,0.0,0.0
32,15,BOYACÁ,15299,GARAGOA,0.0,0.0,0.0,0.0,0.0,20.0,2.0,0.0,0.0,0.0,0.0,0.0,0.0,0.0,0.0,0.0,0.0,0.0,0.0,0.0,0.0,0.0,0.0,0.0,0.0,0.0
33,15,BOYACÁ,15425,MACANAL,0.0,0.0,0.001,0.0,0.0,0.0,0.0,0.0,0.0,0.0,0.0,0.0,0.0,0.0,0.0,0.0,0.0,0.0,0.0,0.0,0.0,0.0,0.0,0.0,0.0,0.0
34,15,BOYACÁ,15442,MARIPÍ,0.0,0.0,0.0,0.0,1315.0,500.6,361.1,10.0,0.0,0.0,389.5,0.0,0.0,0.0,0.0,0.0,0.0,0.0,0.0,0.0,0.0,0.0,8.28,0.0,0.0,0.0
35,15,BOYACÁ,15455,MIRAFLORES,0.0,0.0,0.0,0.0,50.0,0.0,0.0,0.0,0.0,0.0,0.0,0.0,0.0,0.0,0.0,0.0,0.0,0.0,0.0,0.0,0.0,0.0,0.0,0.0,0.0,0.0
36,15,BOYACÁ,15480,MUZO,0.0,0.0,0.0,62.5,0.0,515.0,0.0,240.0,0.0,0.0,0.0,0.0,0.0,0.0,0.0,0.0,0.0,0.0,0.0,0.0,0.0,0.0,0.0,0.0,0.0,0.0
37,15,BOYACÁ,15507,OTANCHE,0.0,0.0,50.0,0.0,3450.0,3270.0,825.8,631.5,924.0,2867.0,1056.0,280.0,0.0,2038.0,1000.0,0.0,0.0,0.0,0.0,0.0,0.0,0.0,0.0,0.0,0.0,0.0
38,15,BOYACÁ,15531,PAUNA,0.0,30.0,612.0,0.0,18610.0,0.05,932.72,527.0,789.0,0.0,0.0,0.0,0.0,0.0,0.0,0.0,0.0,0.0,0.0,0.0,0.0,0.0,0.0,0.0,0.0,0.0
39,15,BOYACÁ,15572,PUERTO BOYACÁ,0.0,0.0,0.0,0.0,0.0,276.0,0.0,0.0,0.0,260.0,200.0,0.0,251.0,320.0,13769.0,3659.96,1260.0,0.0,1.5,0.0,0.0,0.0,155.0,705.0,1845.48,0.0
40,15,BOYACÁ,15580,QUÍPAMA,0.0,0.0,0.0,0.0,0.0,350.0,0.0,0.0,0.0,3.0,0.0,0.0,0.0,0.0,0.0,0.0,0.0,0.0,0.0,0.0,0.0,0.0,0.0,0.0,0.0,0.0
41,15,BOYACÁ,15681,SAN PABLO DE BORBUR,0.0,0.0,0.0,0.0,0.0,1001.5,0.0,0.0,237.0,0.0,0.0,25.0,0.0,0.0,0.0,60.0,0.0,0.0,0.0,0.0,0.0,0.0,0.0,0.0,0.0,0.0
42,15,BOYACÁ,15832,TUNUNGUÁ,0.0,0.0,0.0,0.0,0.0,800.0,0.0,125.0,0.0,0.0,0.0,0.0,0.0,0.0,0.0,0.0,0.0,0.0,0.0,0.0,0.0,0.0,0.0,0.0,0.0,0.0
43,17,CALDAS,17001,MANIZALES,0.0,0.0,0.0,80.0,0.0,0.0,0.0,0.0,1107.0,0.0,0.0,0.0,0.0,0.0,0.0,0.0,0.0,0.0,0.0,0.0,0.0,0.0,0.0,0.0,0.0,0.0
44,17,CALDAS,17541,PENSILVANIA,0.0,0.0,0.0,0.0,2387.0,200.01,0.0,388.0,1412.0,920.0,0.0,0.0,0.0,0.0,1375.0,0.0,0.0,0.0,0.0,0.0,0.0,0.0,0.0,0.0,0.0,0.0
45,17,CALDAS,17653,SALAMINA,0.0,0.0,0.0,0.0,3.0,0.0,0.0,0.0,0.0,0.0,50.0,0.0,0.0,0.0,0.0,0.0,0.0,0.0,0.0,0.0,0.0,0.0,0.0,0.0,0.0,0.0
46,17,CALDAS,17662,SAMANÁ,0.0,0.0,0.0,0.0,2312.0,1712.0,86.222,3188.0,21732.0,1000.0,625.0,542.0,677.5,500.0,225.0,1000.685,0.0,0.0,0.0,0.0,0.0,0.0,0.0,0.0,0.0,0.0
47,18,CAQUETÁ,18001,FLORENCIA,0.0,0.0,300.001,150.0,25.0,750.0,640.0,0.0,0.0,200.0,2400.0,220.0,3157.0,0.0,10.5,0.0,0.0,0.0,250.0,0.0,888.0,855.0,462.15,1062.0,31.0,0.0
48,18,CAQUETÁ,18094,BELÉN DE LOS ANDAQUÍES,0.0,0.0,5237.5,0.0,0.0,0.0,50.0,0.0,120.0,0.0,0.0,62.0,0.0,0.0,0.0,0.0,0.0,200.0,1025.0,162.0,0.0,290.0,0.0,120.0,0.0,0.0
49,18,CAQUETÁ,18150,CARTAGENA DEL CHAIRÁ,0.0,0.0,0.0,4537.0,0.0,360.0,3766.0,869.0,0.0,775.0,2019.0,1305.0,1935.0,3689.5,2295.0,2110.0,1546.0,2499.0,2660.0,130.0,837.0,2565.505,2678.12,9844.08,1225.05,0.0
50,18,CAQUETÁ,18205,CURILLO,0.0,1250.0,1474.0,275.0,0.0,0.0,0.0,0.0,0.0,5.0,582.0,180.0,1703.6,300.0,226.0,2660.0,150.0,0.0,0.0,420.037,500.0,513.0,2169.13,590.0,0.0,0.0
51,18,CAQUETÁ,18256,EL PAUJIL,0.0,0.0,0.0,60.0,0.0,0.0,0.0,187.0,1950.0,0.0,175.0,0.0,0.0,1200.0,1217.0,63.0,3411.0,6366.96,980.0,515.0,1579.0,225.002,816.0,1875.215,387.5,137.0
52,18,CAQUETÁ,18410,MONTAÑITA,0.0,0.0,400.0,2000.0,0.0,1075.0,437.0,1613.0,0.0,3663.0,5487.0,4138.475,3417.0,9277.2,4675.0,0.0,12801.6,6382.18,4726.0,725.0,325.0,2834.0,3194.707,1991.025,1640.0,45.0
53,18,CAQUETÁ,18460,MILÁN,3000.0,0.0,2325.0,50.0,0.0,1075.0,0.0,150.0,0.0,0.0,0.0,0.0,332.0,3485.0,5.0,500.0,0.0,348.0,0.0,28.031,1167.5,280.05,349.05,323.0,0.0,0.0
54,18,CAQUETÁ,18479,MORELIA,0.0,188.0,0.0,0.0,0.0,0.0,0.0,250.0,0.0,0.0,0.0,0.0,455.0,0.0,0.0,0.0,0.0,0.0,0.0,0.0,0.0,325.0,0.0,0.0,0.0,0.0
55,18,CAQUETÁ,18592,PUERTO RICO,0.0,0.0,0.0,0.0,225.0,1500.0,0.0,12.5,0.0,799.0,2261.5,5106.0,1398.5,0.0,6439.019,100.0,9707.5,10061.75,5320.901,3955.2,1305.0,623.148,200.01,1085.0,0.0,0.0
56,18,CAQUETÁ,18610,SAN JOSÉ DEL FRAGUA,413.0,0.0,0.0,0.0,0.0,0.0,0.0,4145.0,0.0,0.0,0.0,4.0,7893.812,1590.8,800.0,4384.0,0.0,3847.5,6897.0,1763.55,390.0,1869.5,755.0,1808.0,0.0,0.0
57,18,CAQUETÁ,18753,SAN VICENTE DEL CAGUÁN,2500.0,0.0,0.0,0.0,1250.0,0.0,2638.0,1025.0,0.0,450.0,840.0,655.072,0.0,1312.5,187.5,875.0,797.0,3910.715,2313.0,2230.0,0.0,1400.0,660.0,763.5,910.71,0.0
58,18,CAQUETÁ,18756,SOLANO,0.0,50.0,12750.0,0.0,362.0,1250.0,0.0,0.0,0.0,937.5,11480.0,8257.0,625.0,6340.0,2062.5,0.0,0.0,1620.5,37.0,547.0,1919.15,735.0,1170.04,1985.0,1658.0,0.0
59,18,CAQUETÁ,18785,SOLITA,312.0,75.0,37.0,0.0,0.0,0.0,0.0,0.0,0.0,0.0,0.0,62.5,0.0,0.0,0.0,0.0,0.0,0.0,0.0,0.0,0.0,0.0,0.0,177.0,670.0,0.0
60,18,CAQUETÁ,18860,VALPARAÍSO,0.0,975.0,38.0,0.0,0.0,0.0,0.0,0.0,0.0,0.0,0.0,0.0,0.0,0.0,4625.0,0.0,0.0,0.0,0.0,0.0,0.0,0.0,0.0,0.0,0.0,0.0
61,19,CAUCA,19001,POPAYÁN,0.0,0.0,0.0,0.0,62.5,1.0,0.0,64.62,40828.945,0.0,0.0,200.0,7500.0,0.0,0.0,0.0,1775.0,500.0,1000.0,0.0,0.0,0.0,0.0,0.0,0.0,0.0
62,19,CAUCA,19022,ALMAGUER,0.0,0.0,0.0,0.0,0.0,250.0,1962.0,1821.0,4461.0,0.0,250.0,0.0,26396.0,5575.0,0.0,0.0,375.0,13512.0,210.0,800.0,600.0,0.0,0.0,3010.0,0.0,0.0
63,19,CAUCA,19050,ARGELIA,0.0,0.0,0.0,0.0,4000.0,128.0,3905.0,4150.0,37709.5,7045.0,9847.5,83827.14,29886.0,1100.0,5846.0,12990.0,5195.0,0.0,1437.0,50.0,0.0,380.0,0.0,0.0,220.0,0.0
64,19,CAUCA,19075,BALBOA,625.0,0.0,0.0,0.0,225.0,1717.0,14486.35,7530.0,2310.0,0.0,676.0,101647.5,3192.0,1160.0,1785.0,480.0,14807.0,27001.0,325.0,710.0,605.0,710.0,0.0,0.0,0.0,0.0
65,19,CAUCA,19100,BOLÍVAR,4125.0,0.0,0.0,0.0,8425.0,3837.0,827.0,3150.55,9386.0,10469.0,5103.0,33181.2195,14920.1,1028.0,2375.0,100.0,4517.0,24607.0,1800.0,220.0,8000.0,7821.0,7507.0,4072.0,5294.95,0.0
66,19,CAUCA,19137,CALDONO,0.0,0.0,0.0,0.0,0.0,50.0,0.0,0.0,1075.0,0.0,0.0,500.0,0.0,1095.0,37.5,0.0,80.0,0.0,0.0,0.0,925.0,0.0,0.0,195.0,1500.0,0.0
67,19,CAUCA,19142,CALOTO,0.0,280.0,0.0,287.0,1750.0,1450.0,4317.0,15.0,4465.0,478.0,0.0,450.0,0.0,130.0,766.314,820.0,0.0,167.5,0.0,500.0,0.0,0.0,700.0,1500.0,1255.0,0.0
68,19,CAUCA,19212,CORINTO,0.0,0.0,2625.0,775.0,362.0,365.0,470.0,4175.0,6750.0,6337.0,2737.0,6900.0,8211.0,45817.812,7517.0,1706.7,1156.0,933.0,20878.0,0.0,3350.5,1200.0,4041.3,7836.95,9795.4,0.0
69,19,CAUCA,19256,EL TAMBO,0.0,0.0,0.0,388.0,0.0,12.0,695.0,100.0,2300.0,300.0,4005.0,22029.39,3375.0,4306.0,0.0,9800.0,8664.5,40520.0,9563.5,4195.0,525.0,1320.0,4059.0,1315.0,4647.55,0.0
70,19,CAUCA,19290,FLORENCIA,0.0,0.0,0.0,0.0,0.0,770.0,250.0,150.0,750.0,0.0,3925.0,1250.0,4362.5,0.0,0.0,0.0,0.0,405.0,0.0,0.047,0.0,114.0,0.0,0.0,0.0,0.0
71,19,CAUCA,19318,GUAPI,0.0,0.0,0.0,0.0,0.0,1625.0,5701.005,9600.0,7260.0,25750.0,8330.0,520.0,1025.0,97.0,549.0,482.3125,219.0,120.0,0.0,0.0,300.0,5480.0,6424.0,1153.0,4640.0,485.0
72,19,CAUCA,19355,INZÁ,188.0,0.0,62.5,0.0,0.0,487.5,0.0,0.0,0.0,0.0,0.0,0.0,385.0,6316.0,3044.0,0.0,655.0,0.0,625.0,0.0,0.0,0.0,0.0,0.0,0.0,0.0
73,19,CAUCA,19392,LA SIERRA,0.0,0.0,0.0,0.0,0.0,168.0,0.0,131.0,250.0,0.0,0.0,30.0,0.0,0.0,0.0,0.0,0.0,625.0,0.0,0.0,0.0,0.0,0.0,0.0,0.0,0.0
74,19,CAUCA,19397,LA VEGA,0.0,0.0,0.0,0.0,87.0,0.0,0.0,7125.0,0.0,360.0,0.0,0.25,985.0,0.0,0.0,5254.0,0.0,0.0,0.0,0.0,0.0,0.0,0.0,80.0,300.0,0.0
75,19,CAUCA,19450,MERCADERES,625.0,0.0,0.0,557.5,0.0,2519.0,125.0,2961.05,750.0,1170.0,27391.0,61617.5,16840.0,6250.0,1780.0,2000.0,2037.069,7119.0,2590.0,0.0,2000.0,0.0,750.0,0.0,0.0,3067.5
76,19,CAUCA,19455,MIRANDA,50.0,1000.0,15.0,0.0,0.0,0.0,35.0,6250.0,375.0,0.0,0.0,200.0,100.0,1010.162,1425.0,0.0,14500.0,0.0,0.0,185.0,120.0,0.0,2.123,0.0,11300.0,2250.0
77,19,CAUCA,19517,PÁEZ ,0.0,0.0,0.0,0.0,87.0,6475.0,0.0,750.0,0.0,1430.0,6610.0,0.0,5628.0,28008.0,18185.0,6425.0,2128.0,14915.0,5989.938,750.0,0.0,0.0,0.0,0.0,0.0,0.0
78,19,CAUCA,19532,PATÍA  ,88.0,0.0,0.0,0.0,165.0,36249.0,1797.0,6662.0,11426.0,337.0,304.2,137.5415,5934.0,50.0,0.0,0.0,1125.0,201.0,3057.0,500.0,3002.0,10625.3,0.0,0.0,950.0,0.0
79,19,CAUCA,19533,PIAMONTE,0.0,0.0,0.0,0.0,40.0,0.0,0.0,1000.0,1558.0,18176.0,876.0,225.0,825.0,512.0,0.0,0.0,4811.0,8152.395,2915.0,11090.318,2615.0,7447.45,8230.0,6610.11,17407.0,2200.0
80,19,CAUCA,19622,ROSAS,0.0,0.0,0.0,0.0,0.0,437.0,375.0,0.0,0.0,0.0,1.0,1500.0,70.0,4450.0,1000.0,1055.0,0.0,1351.796,880.0,13500.0,50.0,854.0,1550.0,0.0,0.0,0.0
81,19,CAUCA,19698,SANTANDER DE QUILICHAO,0.0,17.0,21.0,0.0,0.0,493.0,11561.0,0.0,2975.0,0.0,1360.0,43.0,87.0,616.0,87.0,8250.0,0.0,149.0,0.0,45.359,3.0,1120.0,1550.0,1976.302,21402.9,2000.0
82,19,CAUCA,19743,SILVIA,0.0,0.0,0.0,0.0,0.0,4.0,0.0,0.0,0.0,0.0,0.0,10.0,0.0,0.0,0.0,768.0,0.0,0.0,0.0,0.0,0.0,0.0,0.0,0.0,0.0,0.0
83,19,CAUCA,19780,SUÁREZ,0.0,0.0,0.0,0.0,962.0,0.0,0.0,0.0,1500.0,0.0,36088.0,2070.0,220.0,3741.0,25700.0,3310.0,48324.5,6740.5,0.0,100.0,1105.0,4512.267,300.0,2593.95,2139.0,2000.0
84,19,CAUCA,19809,TIMBIQUÍ,0.0,0.0,0.0,0.0,0.0,187.0,1386.2,3525.0,2333.0,5566.0,11211.0,1450.0,100.0,0.0,2250.0,4037.5,550.0,150.0,850.0,3350.0,840.0,2390.0,4787.65,771.56,513.0,0.0
85,19,CAUCA,19821,TORIBÍO,100.0,0.0,0.0,0.0,0.0,935.0,1198.0,3312.0,29125.0,6125.0,0.0,250.0,0.0,0.0,0.0,1008.0,630.0,0.0,0.0,700.0,2775.0,2430.0,600.0,1750.0,0.0,0.0
86,20,CESAR,20517,PAILITAS,0.0,0.0,0.0,0.0,0.0,5.5,0.0,0.0,0.0,0.0,0.0,0.0,0.0,0.0,0.0,0.0,0.0,0.0,0.0,0.0,0.0,0.0,0.0,0.0,0.0,0.0
87,23,CÓRDOBA,23466,MONTELÍBANO,0.0,0.0,0.0,0.0,1125.0,14605.0,1490.0,250.0,2630.0,3812.0,1070.0,12.5,5038.2,150.15,505.0,1137.0,483.0,100.0,1118.0,500.0,100.0,452.0,388.0,1065.0,304.0,150.0
88,23,CÓRDOBA,23580,PUERTO LIBERTADOR,0.0,0.0,0.0,0.0,3962.0,10063.0,8274.0,3990.016,1664.0,22753.0,1825.0,657.5,9569.5,0.0,250.0,0.0,0.0,774.0,0.0,400.0,530.0,750.0,1700.0,0.0,3593.22,1100.0
89,23,CÓRDOBA,23807,TIERRALTA,0.0,0.0,0.0,375.0,1647.0,875.0,1253.0,41883.597,9205.0,12239.0,1075.0,150.0,11902.0,22326.25,6389.075,5935.0,7292.18,375.0,388.0,280.0,320.0,2464.0,904.0,0.0,1881.0,0.0
90,25,CUNDINAMARCA,25518,PAIME,0.0,0.0,0.0,0.0,0.0,212.0,3753.0,774.0,0.0,0.0,0.0,0.0,0.0,12.5,0.0,0.0,0.0,0.0,0.0,0.0,0.0,0.0,0.0,0.0,0.0,0.0
91,25,CUNDINAMARCA,25718,SASAIMA,0.0,0.0,0.0,0.0,50.0,0.0,0.0,0.0,0.0,0.0,0.0,0.0,0.0,0.0,0.0,0.0,0.0,0.0,0.0,0.0,0.0,0.0,0.0,0.0,0.0,0.0
92,25,CUNDINAMARCA,25823,TOPAIPÍ,0.0,0.0,0.0,0.0,1000.0,397.0,462.0,275.0,0.0,0.0,0.0,0.0,0.0,0.0,0.0,0.0,0.0,0.0,0.0,0.0,0.0,0.0,0.0,0.0,0.0,0.0
93,25,CUNDINAMARCA,25839,UBALÁ,0.0,0.0,0.0,0.0,0.0,500.0,0.0,0.0,0.0,0.0,0.0,0.0,0.0,0.0,0.0,0.0,0.0,0.0,0.0,0.0,0.0,0.0,0.0,0.0,0.0,0.0
94,25,CUNDINAMARCA,25871,VILLAGÓMEZ,0.0,0.0,0.0,0.0,0.0,500.0,0.0,0.0,0.0,0.0,0.0,0.0,0.0,0.0,0.0,0.0,0.0,0.0,0.0,0.0,0.0,0.0,0.0,0.0,0.0,0.0
95,25,CUNDINAMARCA,25885,YACOPÍ,0.0,0.0,0.0,0.0,0.0,2382.0,276.0,604.0,0.0,2453.0,977.3,1225.126,5.0,0.0,0.0,0.0,0.0,0.0,0.0,44.0,0.0,0.0,0.0,0.0,0.0,0.0
96,41,HUILA,41006,ACEVEDO,0.0,0.0,0.0,0.0,0.0,3.0,0.0,0.0,0.0,0.0,0.0,0.0,0.0,0.0,0.0,0.0,50.0,0.0,0.0,0.0,0.0,0.0,0.0,0.0,0.0,0.0
97,41,HUILA,41396,LA PLATA,0.0,125.0,0.0,0.0,0.0,100.0,3775.0,0.0,0.0,0.0,0.538,0.0,1174.5822,800.0,0.0,0.0,0.0,0.0,0.0,0.0,0.0,0.0,0.0,0.0,0.0,0.0
98,41,HUILA,41548,PITAL,0.0,85.0,0.0,0.0,0.0,0.0,0.0,0.0,0.0,0.0,0.0,0.0,0.0,0.0,0.0,0.0,0.0,0.0,0.0,0.0,0.0,0.0,0.0,0.0,0.0,0.0
99,41,HUILA,41668,SAN AGUSTÍN,0.0,0.0,0.0,0.0,27.001,0.0,0.0,0.0,0.0,0.0,0.175,0.0,0.0,0.0,0.0,0.0,0.0,0.0,0.0,0.0,0.0,0.0,0.0,0.0,0.0,0.0
100,44,LA GUAJIRA,44001,RIOHACHA,0.0,0.0,0.0,0.0,980.0,400.0,0.0,2000.0,250.0,0.0,0.0,0.0,0.0,0.0,0.0,0.0,0.0,0.0,0.0,0.0,0.0,0.0,0.0,0.0,0.0,0.0
101,44,LA GUAJIRA,44090,DIBULLA,0.0,0.0,0.0,0.0,0.0,1150.0,4380.325,2526.0,565.0,1087.0,25.0,3.0,450.0,842.0,836.5,0.0,0.0,0.0,0.0,0.0,5.0,204.1,0.0,0.0,0.0,0.0
102,47,MAGDALENA,47001,SANTA MARTA ,2600.0,5791.0,16597.0,39637.062,25330.0,24245.61,31056.22,2665.0,4212.0,1892.0,2482.0,1134.0,900.0,1089.5,638.0,495.0,1380.0,0.0,0.0,0.0,0.5,0.0,0.0,0.0,0.0,0.0
103,47,MAGDALENA,47189,CIÉNAGA,0.0,0.0,0.0,0.0,0.0,0.25,0.0,1600.0,100.0,0.0,0.0,1230.0,270.0,876.0,43.0,0.0,0.0,0.0,0.0,0.0,0.0,0.0,0.0,0.0,0.0,0.0
104,50,META,50251,EL CASTILLO,0.0,0.0,0.0,0.0,50.0,0.0,0.0,0.0,0.0,550.0,275.0,0.0,0.0,0.0,0.0,0.0,450.0,0.0,0.0,0.0,0.0,0.0,0.0,0.0,0.0,0.0
105,50,META,50325,MAPIRIPÁN,0.0,1100.0,0.0,0.0,0.0,0.0,0.0,0.0,2805.0,1276.062,38265.0,19314.0,2119.0,0.0,1800.0,550.0,125.0,1130.0,100.0,607.5,100.0,5954.115,7113.44,0.0,4687.0,461.0
106,50,META,50350,LA MACARENA,0.0,0.0,0.0,312.0,0.0,0.0,6140.0,4040.0,1050.5,512.0,725.0,120.0,0.0,1010.0,3450.0,900.0,4912.16,4965.5,6869.001,8489.05,125.0,5075.0,490.5,1075.0,814.0,0.0
107,50,META,50370,URIBE,0.0,0.0,0.0,0.0,875.0,0.0,200.0,0.0,1725.0,62.0,875.0,690.0,0.0,640.0,737.5,975.0,3509.0,1042.17,995.0,0.0,20.0,1.3,50.0,0.0,0.0,0.0
108,50,META,50400,LEJANÍAS,0.0,0.0,0.0,1250.0,0.0,0.0,0.0,0.0,0.0,250.0,370.0,400.0,1292.5,0.0,0.0,0.0,92.5,700.0,208.0,0.0,0.0,240.0,0.0,200.0,0.0,0.0
109,50,META,50450,PUERTO CONCORDIA,0.0,0.0,1520.0,0.0,312.0,0.0,125.0,600.0,0.0,1800.0,2170.0,1860.0,4300.0,274.5,4750.0,2880.0,8445.0,5164.0,5261.5,0.0,200.0,1625.0,1845.0,2725.0,1640.0,80.0
110,50,META,50577,PUERTO LLERAS,0.0,0.0,1500.0,0.0,75.0,0.0,625.0,1875.0,5982.0,676.0,7857.0,5905.0,100.0,500.0,0.0,0.0,0.0,0.0,855.0,0.0,0.0,0.0,0.0,0.0,0.0,0.0
111,50,META,50683,SAN JUAN DE ARAMA,0.0,0.0,0.0,78.0,0.0,0.0,0.0,38.0,175.0,100.0,125.0,15161.0,0.0,3450.0,1800.0,535.0,112.5,762.09,0.0,0.0,0.0,0.0,0.0,0.0,0.0,0.0
112,50,META,50689,SAN MARTÍN,0.0,0.0,0.0,0.0,0.0,900.0,0.0,955.0,610.0,562.0,300.0,445.0,37.0,0.0,0.0,625.0,0.0,0.0,0.0,0.0,0.0,0.0,0.0,0.0,0.0,0.0
113,50,META,50711,VISTAHERMOSA,0.0,0.0,0.0,0.0,7100.001,0.0,526.0,25483.0,47746.0,29945.0,841.0,2200.0,0.0,2272.752,565.0,2125.0,6211.3,9312.65,9766.17,28607.0,17767.5,7255.0,11176.0,781.75,2940.0,0.0
114,52,NARIÑO,52001,PASTO,0.0,0.0,150.001,0.0,11825.0,7650.0,0.0,2437.0,154555.525,0.0,0.0,0.0,0.0,0.0,0.0,0.0,0.0,0.0,0.0,0.0,0.0,246.0,0.0,0.0,0.0,0.0
115,52,NARIÑO,52051,ARBOLEDA ,0.0,0.0,0.0,0.0,0.0,15.7,0.0,0.0,0.0,0.0,0.0,0.0,0.0,0.0,0.0,0.0,0.0,0.0,0.0,0.0,0.0,0.0,0.0,0.0,0.0,0.0
116,52,NARIÑO,52079,BARBACOAS,0.0,0.0,350.0,0.0,885.0,7612.0,4410.0,1815.0,3742.0,3382.0,2191.0,200.0,6405.06,2644.461,1557.0,1955.0,13063.0,8192.85,10400.34,3684.0,4762.0,6898.713,9030.0,4185.0,8104.0,690.0
117,52,NARIÑO,52203,COLÓN ,0.0,0.0,0.0,0.0,0.0,0.01,0.0,0.0,0.0,0.0,0.04,0.0,0.0,0.0,0.0,0.0,0.0,0.0,0.0,0.0,0.0,0.0,0.0,0.0,0.0,0.0
118,52,NARIÑO,52215,CÓRDOBA,0.0,0.0,0.0,0.0,0.0,497.4,2680.0,0.0,0.0,380.0,0.0,0.0,0.0,0.0,0.0,0.0,0.0,0.0,0.0,0.0,0.0,0.0,0.0,0.0,0.0,0.0
119,52,NARIÑO,52233,CUMBITARA,0.0,0.0,0.0,375.0,0.001,0.0,0.0,1950.316,1102.0,655.0,4071.5,1428.255,4905.2,618.0,0.27,0.0,1816.0,0.0,40.0,0.0,2115.0,498.0,100.0,0.0,0.0,0.0
120,52,NARIÑO,52250,EL CHARCO,0.0,0.0,0.0,187.5,0.0,15461.0,18167.0,3600.0,7879.0,10871.0,5936.0,1900.0,4373.0,130.0,4351.55,6172.05,3758.0,6227.5,15046.68,12872.0,5270.0,6260.0,13561.0,25450.0,41454.95,2513.0
121,52,NARIÑO,52256,EL ROSARIO,0.0,0.0,0.0,0.0,0.0,2202.0,6015.0,36001.5,500.0,1370.0,13549.79,502.144,7137.44,687.5,0.0,712.5,2953.0,77.0,0.0,748.0,1600.0,0.0,0.0,0.0,0.0,0.0
122,52,NARIÑO,52258,EL TABLÓN,0.0,0.0,0.0,0.0,0.0,350.0,56250.0,0.0,0.0,375.0,0.0,0.0,0.0,0.0,0.0,0.0,0.0,0.0,0.0,0.0,0.0,0.0,0.0,0.0,0.0,0.0
123,52,NARIÑO,52260,EL TAMBO,0.0,0.0,0.0,0.0,187.0,2626.3,19100.0,42312.208,1941.0,1690.0,400.0,252.8,1500.0,0.0,0.0,70.0,0.0,975.0,0.0,0.0,0.0,0.0,0.0,0.0,100.0,0.0
124,52,NARIÑO,52390,LA TOLA,400.0,0.0,0.0,0.0,0.0,0.0,2900.0,4575.0,1300.0,7080.5,20431.575,5603.05,3899.0,3514.95,2240.0,1281.0,555.0,480.0,1405.08,0.0,2020.0,685.5,0.0,700.0,380.0,3400.0
125,52,NARIÑO,52399,LA UNIÓN,0.0,0.0,0.0,0.0,350.0,0.0,150.0,187.5,0.0,0.0,0.038,0.0,962.5,0.625,0.0,50.0,0.0,920.0,433.0,0.0,0.0,0.0,0.0,0.0,0.0,0.0
126,52,NARIÑO,52405,LEIVA,0.0,0.0,0.0,0.0,887.0,1976.5,6600.812,9872.801,2751.0,0.0,4875.0,175.0,6250.0,0.0,0.0,0.0,0.0,0.0,0.0,0.0,0.0,0.0,0.008,0.0,0.0,0.0
127,52,NARIÑO,52411,LINARES,0.0,0.0,0.0,0.0,0.0,4210.0,0.0,1000.0,2500.0,2500.0,310.0,1437.0,715.0,750.0,330.0,0.0,62.0,1307.0,0.0,450.0,6035.0,3886.1,0.0,525.04,0.0,0.0
128,52,NARIÑO,52418,LOS ANDES ,0.0,0.0,0.0,0.0,75.001,250.0,1851.0,3900.0,625.0,0.0,2000.0,0.0,3.0,0.0,1625.0,0.0,0.0,8359.52,0.0,0.0,0.0,100.5,0.0,0.0,0.0,0.0
129,52,NARIÑO,52427,MAGÜÍ ,0.0,8650.0,0.0,0.0,0.0,0.0,1400.0,410.0,1062.0,2413.0,0.0,2007.5,1957.0,0.333,150.0,850.0,0.0,288.0,1563.03,0.0,4371.0,455.05,594.0,930.0,18675.35,0.0
130,52,NARIÑO,52473,MOSQUERA,0.0,0.0,0.0,0.0,400.0,1370.0,100.0,1950.0,440.0,450.0,1915.0,0.0,750.0,0.0,300.0,675.0,860.0,0.0,6497.548,0.0,200.0,0.0,810.0,0.0,2680.0,0.0
131,52,NARIÑO,52490,OLAYA HERRERA ,0.0,0.0,0.0,0.0,3250.0,54976.89,14528.0,1809.0,3165.0,20900.0,8041.8,485.0,9310.0,2975.0,16614.0,6265.0,8750.0,18568.0,13721.36,13014.03,20455.35,14089.674,24816.7,19969.0,24109.6,4650.0
132,52,NARIÑO,52540,POLICARPA,0.0,0.0,0.0,250.0,9250.0,13940.0,7822.5,14849.44,1627.0,1075.0,3237.66,6311.6625,5375.39,2562.0,3547.0,1074.228,7417.95,4208.0,4025.0,3783.0,6581.45,1200.25,0.0,0.0,0.0,0.0
133,52,NARIÑO,52621,ROBERTO PAYÁN ,0.0,0.0,0.0,0.0,840.0,6275.0,999.0,1250.0,0.0,2851.0,2237.0,1500.0,375.0,7056.5,4305.0,5480.215,2655.0,7560.0,4670.2,6508.0,12636.0,9889.0,5842.0,8569.0,20116.0,2800.4
134,52,NARIÑO,52678,SAMANIEGO,0.0,0.0,0.0,0.0,187.5,925.0,150.0,3125.0,0.0,1012.0,2837.545,115.235,10.0,25.0,275.0,5173.4,4700.0,4391.0,1197.5,700.0,320.0,4374.75,5985.0,0.0,0.0,0.0
135,52,NARIÑO,52687,SAN LORENZO,0.0,0.0,0.0,0.0,0.0,1625.0,242.5,0.0,0.0,0.0,62.5,0.0,0.271,1250.0,0.0,0.0,825.0,0.0,0.0,0.0,0.0,0.0,0.0,0.0,0.0,0.0
136,52,NARIÑO,52696,SANTA BÁRBARA ,0.0,0.0,0.0,0.0,0.0,50.0,1217.0,3112.0,6311.0,1975.0,180.0,0.0,12.0,0.0,989.75,4400.0,3085.0,1381.435,2325.0,2070.0,320.0,1330.0,2835.11,3435.0,9728.0,0.0
137,52,NARIÑO,52786,TAMINANGO,0.0,0.0,0.0,0.0,0.0,250.38,4198.0,3552.5,0.0,0.0,135.0,0.0,0.0,0.0,0.0,0.0,25.0,0.0,0.0,0.0,0.0,0.0,3125.0,0.0,0.0,0.0
138,52,NARIÑO,52835,TUMACO,23500.0,9013.0,0.0,91255.0,11612.501,102944.0,78745.78,70667.0,59330.5,42927.5,130859.33,33670.64,28439.714,44712.274,44819.115,25928.85,47841.53,119484.031,66299.745,36431.16,150865.69,82893.58,173989.7,127081.675,224845.421,20651.45
139,54,NORTE DE SANTANDER,54128,CÁCHIRA,0.0,0.0,0.0,0.0,0.0,6250.0,0.0,250.0,600.0,100.0,313.0,70.0,0.0,240.0,2479.5,1673.5,4678.6,495.0,0.0,0.0,0.0,0.0,0.0,0.0,0.0,0.0
140,54,NORTE DE SANTANDER,54172,CHINÁCOTA,0.0,0.0,0.001,0.0,0.0,0.0,0.0,0.0,0.0,0.0,0.0,0.0,0.0,0.0,787.0,0.0,0.0,0.0,0.0,0.0,0.0,0.0,0.0,0.0,0.0,0.0
141,54,NORTE DE SANTANDER,54206,CONVENCIÓN,0.0,0.0,0.0,0.0,0.0,122.0,1875.0,0.0,0.0,0.0,5872.548,0.0,0.0,1660.0,8689.0,3450.0,2613.0,3011.0,6524.0,8339.95,2589.0,4299.0,3411.557,3197.0,21719.0,1750.0
142,54,NORTE DE SANTANDER,54245,EL CARMEN,0.0,0.0,0.0,0.0,1250.0,0.0,302.5,0.0,0.0,0.0,6.0,0.0,0.0,489.0,0.0,2875.0,0.0,330.0,120.0,4612.0,765.0,3253.0,2249.0,1682.0,9680.0,150.0
143,54,NORTE DE SANTANDER,54250,EL TARRA,0.0,688.0,1250.0,931.0,9558.0,1471.0,1018.0,0.0,4250.0,12458.055,8085.0,1712.5,1200.0,8106.0,15608.0,19746.5,33344.0,22061.58,6317.0,8259.0,437.0,908.0,1710.915,8650.0,9735.0,10.0
144,54,NORTE DE SANTANDER,54261,EL ZULIA,0.0,0.0,0.0,0.0,0.0,37.0,0.0,175.0,0.0,0.0,375.0,0.0,500.0,0.0,0.0,870.0,1238.0,0.0,0.0,300.0,0.0,0.0,200.0,3056.3,0.0,0.0
145,54,NORTE DE SANTANDER,54344,HACARÍ,0.0,0.0,0.0,0.0,150.0,0.0,2500.0,1387.0,35.0,600.0,8217.0,0.0,0.0,2922.0,0.0,2125.0,0.0,312.0,4375.0,450.0,0.0,1787.0,5335.0,50.0,60.0,0.0
146,54,NORTE DE SANTANDER,54385,LA ESPERANZA,0.0,0.0,0.0,0.0,0.0,2219.0,155.0,1966.34,1312.0,466.0,390.0,1600.0,0.0,505.0,2415.0,1321.05,3311.8,310.0,0.0,56.7,0.0,0.0,230.0,0.0,0.0,0.0
147,54,NORTE DE SANTANDER,54553,PUERTO SANTANDER,0.0,0.0,0.0,0.0,500.0,0.0,0.0,0.0,0.0,0.0,29.7,0.0,0.0,0.0,73.004,21.0,801.796,0.0,0.0,0.0,180.0,0.0,0.0,0.0,20.0,0.0
148,54,NORTE DE SANTANDER,54670,SAN CALIXTO,0.0,0.0,1125.0,0.0,0.0,0.0,0.0,0.0,70.0,0.0,2262.0,0.0,0.0,0.0,1870.0,60.0,0.0,422.0,875.0,0.0,785.0,890.0,2000.0,430.0,1040.0,0.0
149,54,NORTE DE SANTANDER,54720,SARDINATA,0.0,165.0,3160.0,1250.0,150.0,0.0,600.0,37.0,0.0,3771.0,2345.0,262.5,782.5,375.0,0.068,5684.0,3024.5,600.15,9630.0,2790.0,13254.0,545.0,6153.85,3271.0,4214.3,0.0
150,54,NORTE DE SANTANDER,54800,TEORAMA,0.0,0.0,0.0,0.0,2710.0,625.0,750.0,2600.0,120.0,50.0,1232.0,125.0,0.0,2340.165,3600.0,68072.0,26637.5,10973.0,14763.0,10181.0,2462.0,2730.0,6578.947,19183.18,11483.0,700.0
151,54,NORTE DE SANTANDER,54810,TIBÚ,130.0,114906.0,46097.03,19406.0,23416.0,1240.0,7955.16,1470.0,8696.0,5750.0,9230.0,7038.628,455.0,6847.722,18498.0,16512.0,51856.5,51845.0,41195.013,21661.375,6127.055,7207.0,69907.965,16798.5,10547.0,1097.0
152,63,QUINDIO,63470,MONTENEGRO,0.0,0.0,0.04,0.0,0.0,0.0,0.0,0.0,0.0,0.0,0.0,0.0,0.0,0.0,0.0,0.0,0.0,0.0,0.0,0.0,0.0,0.0,0.0,0.0,0.0,0.0
153,68,SANTANDER,68081,BARRANCABERMEJA,0.0,0.0,0.0,0.0,0.0,50.0,800.0,0.0,0.0,0.0,0.0,0.0,0.0,100.0,0.0,0.0,0.0,0.0,0.0,0.0,0.0,0.0,0.0,0.0,0.0,0.0
154,68,SANTANDER,68101,BOLÍVAR,0.0,0.0,0.0,0.0,0.0,25.6,5075.0,650.691,125.0,25.0,674.0,0.0,157.0,62.5,1326.5,133.0,265.0,2620.0,2169.02,7554.74,0.0,2700.25,5243.0,0.0,0.0,0.0
155,68,SANTANDER,68190,CIMITARRA,0.0,0.0,0.0,0.0,1642.0,250.75,6433.75,500.0,2147.0,1669.0,1554.311,750.0,300.25,186.0,0.0,0.0,0.0,225.0,26166.53,50.0,0.0,450.0,270.0,75.0,0.0,0.0
156,68,SANTANDER,68250,EL PEÑÓN,0.0,0.0,0.0,0.0,0.0,84.0,450.0,65.03,350.0,0.0,2108.0,0.0,0.0,0.0,0.0,234.0,0.0,560.0,6650.11,581.7,0.0,0.0,0.0,0.0,0.0,0.0
157,68,SANTANDER,68255,EL PLAYÓN,0.0,0.0,0.0,0.0,0.0,635.0,0.0,0.0,1875.0,50.0,19485.5,209.5,375.6,0.0,387.0,890.0,2021.0,0.0,0.0,45.2,0.0,0.0,0.0,0.0,0.0,0.0
158,68,SANTANDER,68266,ENCISO,0.0,0.0,0.0,0.0,0.0,0.09,0.0,0.0,0.0,0.0,0.0,0.0,0.0,0.0,0.0,0.0,0.0,0.0,0.0,0.0,0.0,0.0,0.0,0.0,0.0,0.0
159,68,SANTANDER,68271,FLORIÁN,125.0,200.0,100.0,0.0,386.0,1394.0,1330.0,325.0,252.0,0.0,0.0,0.0,360.0,0.0,0.0,0.0,0.0,0.0,0.0,0.0,0.0,0.0,0.0,0.0,0.0,0.0
160,68,SANTANDER,68385,LANDÁZURI,625.0,0.0,87.0,0.0,3.0,2453.0,1367.5,1337.5,100.0,0.0,0.0,29.0,140.12,25.0,70.0,180.0,300.0,2845.0,35.0,0.0,11.0,0.0,0.0,40.0,0.0,0.0
161,68,SANTANDER,68615,RIONEGRO,0.0,0.0,0.0,0.0,0.0,25.95,0.0,0.0,0.0,0.0,0.0,0.0,0.0,0.0,300.0,167.0,1150.0,0.0,0.0,0.0,0.0,0.0,0.0,0.0,0.0,0.0
162,68,SANTANDER,68720,SANTA HELENA DEL OPÓN,0.0,0.0,0.0,0.0,0.0,707.0,0.0,12000.0,0.0,0.0,0.0,737.0,0.0,0.0,0.0,0.0,0.0,0.0,50.0,0.0,0.0,0.0,0.0,0.0,0.0,0.0
163,68,SANTANDER,68773,SUCRE,0.0,0.0,0.0,0.0,0.0,4750.0,0.0,35.0,125.0,113.0,0.0,0.0,120.0,0.0,0.0,0.0,99.0,450.0,4020.35,90.71,125.0,104.0,0.0,75.0,0.0,0.0
164,76,VALLE DEL CAUCA,76001,CALI,148.0,0.0,0.0,0.0,0.0,0.0,1225.0,0.0,3140.835,0.0,4.0,0.5,0.0,0.0,0.0,0.0,0.0,0.0,0.0,1.0,0.0,0.0,0.0,0.0,0.0,0.0
165,76,VALLE DEL CAUCA,76100,BOLÍVAR,0.0,0.0,625.0,0.0,0.0,0.0,0.0,0.0,0.0,2660.0,0.0,200.0,0.0,250.0,0.0,0.0,833.0,0.0,0.0,1250.0,800.0,35.0,0.0,0.0,0.0,0.0
166,76,VALLE DEL CAUCA,76109,BUENAVENTURA,0.0,0.0,0.0,0.0,0.0,113.0,0.0,500.0,12272.5,5955.0,7287.5,875.0,3226.0,5350.0,2040.0,32908.0,360.0,1275.0,18.0,1676.86,1700.0,500.0,1817.0,1996.0,1950.0,0.0
167,76,VALLE DEL CAUCA,76111,BUGA,0.0,0.0,0.0,0.0,0.0,25.0,0.0,0.0,0.0,0.0,540.0,0.0,0.0,0.0,0.0,0.0,0.0,0.0,0.0,0.0,0.0,0.0,0.0,0.0,0.0,0.0
168,76,VALLE DEL CAUCA,76147,CARTAGO,0.0,0.0,0.0,0.07,0.0,0.0,0.0,0.0,0.0,0.0,0.0,0.0,0.0,0.0,0.0,0.0,0.0,0.0,0.0,0.0,0.0,0.0,0.0,0.0,0.0,0.0
169,76,VALLE DEL CAUCA,76233,DAGUA,0.0,0.0,0.0,0.0,0.0,258.0,0.0,0.0,240.0,2588.0,2775.0,400.0,775.0,603.0,18040.0,6750.0,4125.0,1087.0,1370.0,327.517,11.034,0.0,0.0,0.0,0.0,0.0
170,76,VALLE DEL CAUCA,76275,FLORIDA,0.0,0.0,0.0,22.5,0.0,1.25,12.5,150.0,188.0,0.0,653.0,1325.0,0.0,100.0,245.0,0.0,128.0,0.0,0.0,0.0,0.0,0.0,300.0,0.0,0.0,0.0
171,81,ARAUCA,81001,ARAUCA,0.0,0.0,250.0,725.0,250.0,125.0,0.0,20000.0,1830.0,311.0,0.0,0.0,0.0,0.0,0.0,0.0,0.0,0.0,0.0,0.0,0.0,0.0,0.0,0.0,0.0,0.0
172,81,ARAUCA,81065,ARAUQUITA,580.0,0.0,3000.0,1070.0,122456.0,3282.0,505.0,1163.0,6540.0,908.0,375.0,220.0,50.0,1425.05,2394.0,2475.0,1471.5,250.0,75.0,0.0,0.0,80.0,0.0,0.0,0.0,0.0
173,81,ARAUCA,81300,FORTUL,0.0,0.0,0.0,0.0,16719.0,7929.0,0.0,0.0,990.0,2670.0,314.0,0.0,0.0,0.0,0.0,0.0,0.0,0.0,0.0,0.0,0.0,0.0,0.0,0.0,0.0,0.0
174,81,ARAUCA,81736,SARAVENA,0.0,0.0,0.0,674.0,135.0,374.0,0.0,180.0,62.0,537.0,4079.5,0.0,0.0,0.0,0.0,0.0,0.0,0.0,0.0,0.0,0.0,0.0,0.0,0.0,0.0,0.0
175,81,ARAUCA,81794,TAME,15.0,0.0,0.0,250.0,33828.001,23450.0,0.0,2625.0,3465.5,6674.5,2782.5,1460.0,1035.0,0.0,50.0,0.0,0.0,0.0,0.0,0.0,0.0,0.0,0.0,0.0,0.0,0.0
176,86,PUTUMAYO,86001,MOCOA,0.0,12.5,0.0,100.0,0.0,242.5,2220.18,420.0,18069.7,0.0,0.0,162.0,155.0,0.0,0.0,0.0,416.0,0.0,400.0,1100.0,300.0,480.0,1840.306,70.0,5896.0,0.0
177,86,PUTUMAYO,86320,ORITO,0.0,1148.0,11375.0,16870.0,1263.0,250.0,3487.0,432.0,7922.0,13569.0,10882.0,10418.0,41813.8,7499.5,1200.0,1026.82,17246.0,32962.25,4869.0,11436.955,6766.48,9731.04,4846.0,14990.2,26163.28,1090.0
178,86,PUTUMAYO,86568,PUERTO ASÍS,63000.0,266642.0,70797.501,93036.0,15900.0,2531.0,6664.5,3744.5,9602.0,60492.5,30778.0,28096.25,32908.0,23670.25,4491.0,7586.324,11505.5,44773.608,25883.63,48423.302,13021.731,47988.06,34646.353,69178.425,84625.431,7762.0
179,86,PUTUMAYO,86569,PUERTO CAICEDO,0.0,110.0,0.0,4937.0,213.0,200.0,710.0,360.0,2295.0,21903.0,6125.0,11750.0,9625.0,13147.0,1339.0,875.0,27959.5,18720.11,6963.2,9007.001,3440.18,8522.0,6152.23,15369.625,23901.036,610.0
180,86,PUTUMAYO,86571,PUERTO GUZMÁN,0.0,0.0,0.0,0.0,0.0,75.0,7216.0,35.0,1490.0,17389.0,2369.0,1233.425,875.0,0.0,1386.0,755.0,2952.5,29307.5,2408.5,1536.2,2309.17,7150.0,4367.3,12528.21,17834.0,226.0
181,86,PUTUMAYO,86573,PUERTO LEGUÍZAMO,77847.5,446115.0,128839.5,2987.5,180.0,3201.15,696.0,2090.0,29382.0,23670.625,7244.5,17279.5,4175.5,10483.0,9282.5,632.0,506.0,2139.5,2444.0,4105.0,1164.43,2120.0,13570.0,27408.0,10030.0,450.0
182,86,PUTUMAYO,86755,SAN FRANCISCO,0.0,0.0,0.0,1500.0,0.0,0.0,0.0,0.0,0.0,0.0,0.0,73.0,0.0,0.0,0.0,0.0,0.0,0.0,0.0,0.0,0.0,0.0,0.0,0.0,0.0,0.0
183,86,PUTUMAYO,86757,SAN MIGUEL ,0.0,2563.0,9568.0,750.0,487.0,0.5,238.0,10756.0,73387.0,16961.0,2245.0,2072.187,19205.0,11867.0,0.0,6493.416,5508.0,5807.56,34680.61,11343.615,21609.17,23826.0,31918.86,36107.97,35154.0,6140.0
184,86,PUTUMAYO,86865,VALLE DEL GUAMUEZ ,35208.0,820.0,111755.0,60299.0,712.0,1211.0,8.5,2259.9,8302.0,6282.0,3552.0,12125.83,9831.01,829.0,58.9,1707.45,16493.0,23880.0,23564.126,9488.08,18679.046,13517.0,24478.14,45870.3,38549.25,1420.0
185,86,PUTUMAYO,86885,VILLAGARZÓN,0.0,1322.0,1526.0,100.0,1875.001,2000.0,16740.5,2947.5,0.0,2799.5,9654.208,5887.024,3708.0,9354.0,2181.0,5567.026,1140.0,1064.58,1940.0,3850.003,2331.0,11700.0,6270.2,4225.5,17340.65,900.0
186,91,AMAZONAS,91001,LETICIA,237.5,300.0,84060.0,100.0,0.0,288.0,0.0,0.0,0.0,1245.0,150.0,750.0,0.0,0.0,0.0,0.0,0.0,0.0,12.0,0.0,0.0,1500.0,0.0,0.0,0.0,0.0
187,91,AMAZONAS,91263,EL ENCANTO ,0.0,0.0,4950.0,1490.0,1360.0,2000.0,0.0,125.0,5025.0,0.0,700.0,77.0,0.0,0.0,0.0,0.0,0.0,0.0,0.0,0.0,0.0,0.0,0.0,0.0,0.0,0.0
188,91,AMAZONAS,91540,PUERTO NARIÑO,0.0,20860.0,21200.0,0.0,0.0,0.0,0.0,0.0,0.0,0.0,0.0,0.0,0.0,0.0,0.0,0.0,0.0,0.0,0.0,0.0,0.0,0.0,0.0,0.0,0.0,0.0
189,91,AMAZONAS,91798,TARAPACÁ ,0.0,0.0,1150.0,0.0,0.0,0.0,0.0,0.0,600.0,0.0,0.0,0.0,0.0,0.0,0.0,0.0,0.0,0.0,0.0,0.0,0.0,0.0,0.0,0.0,0.0,0.0
190,94,GUAINIA,94001,INIRIDA,625.0,0.0,0.0,250.0,0.0,1900.0,0.0,3950.024,3250.0,340.0,0.0,1805.1,0.0,100.75,0.0,0.0,400.0,0.0,0.0,0.0,0.0,0.0,0.0,0.0,0.0,0.0
191,94,GUAINIA,94343,BARRANCO MINA ,0.0,0.0,0.0,0.0,0.0,1900.0,0.0,1200.0,475.0,1375.0,300.0,0.0,222.0,0.0,0.0,0.0,0.0,0.0,0.0,0.0,0.0,0.0,0.0,0.0,0.0,175.0
192,95,GUAVIARE,95001,SAN JOSÉ DEL GUAVIARE,0.0,0.0,16850.0,3950.0,1250.0,582.0,10273.0,14760.0,9537.1,7428.0,34259.98,21474.089,15180.0,7715.118,5655.5,8835.0,8256.0,30519.475,13626.99,17620.921,24752.017,23376.881,34501.843,33736.913,23187.355,0.0
193,95,GUAVIARE,95025,EL RETORNO,0.0,0.0,0.0,450.0,64.0,70.0,14137.0,10414.0,1215.0,0.0,6005.0,7420.08,13270.0,2320.0,3310.0,16794.11,5612.0,5278.32,13835.0,6836.526,4838.0,39391.994,35416.504,16378.6,49090.05,1600.0
194,95,GUAVIARE,95200,MIRAFLORES,0.0,0.0,0.0,0.0,0.0,90.0,33534.0,42338.0,1290.0,875.0,0.0,16305.0,15204.0,8420.5,8199.5,10437.5,2008.5,7716.275,8111.0,14322.0,222.0,12356.763,15574.025,1275.0,16866.0,0.0
195,97,VAUPES,97161,CARURÚ,0.0,0.0,0.0,0.0,3750.0,0.0,0.0,1250.0,0.0,0.0,0.0,457.0,1050.0,0.0,0.0,9437.0,925.0,0.0,0.0,0.0,0.01,25.0,0.0,0.0,0.0,0.0
196,99,VICHADA,99001,PUERTO CARREÑO,625.0,0.0,0.0,0.0,0.0,13775.31,0.0,0.0,25232.11,3475.0,762.0,387.5,0.0,650.0,0.0,0.0,720.0,1500.0,0.0,0.0,0.0,0.0,0.0,0.0,0.0,0.0
197,99,VICHADA,99524,LA PRIMAVERA,0.0,0.0,0.0,0.001,0.0,0.0,0.0,275.0,0.0,0.0,7630.962,460.687,1287.5,0.0,0.0,0.0,0.0,500.0,0.0,0.0,0.0,0.0,0.0,0.0,0.0,0.0
198,99,VICHADA,99773,CUMARIBO,3750.0,0.0,10188.0,250.0,63532.0,22672.0,26501.0,74302.0,21775.0,36610.0,52828.795,101065.674,65036.82,22069.0,22068.88,2503.5,16237.25,68863.5,10140.0,1422.0,1297.56,7355.927,3897.07,594.0,4156.0,0.0
199,05,ANTIOQUIA,05001,MEDELLÍN,0.0,0.0,0.0,0.0,0.0,0.0,0.0,0.0,15499.913,120.0,150.0,0.0,0.0,0.0,0.0,0.0,0.0,0.0,0.0,0.0,0.0,0.0,0.0,0.0,0.0,0.0
200,05,ANTIOQUIA,05031,AMALFI,0.0,0.0,0.0,0.0,0.0,0.0,0.0,50.0,0.0,150.0,110.0,0.0,200.0,0.0,385.0,0.0,300.0,0.0,70.0,0.0,0.0,650.0,80.0,500.0,100.0,330.0
201,05,ANTIOQUIA,05038,ANGOSTURA,0.0,0.0,0.0,0.0,0.0,0.0,0.53,0.0,0.0,0.0,0.0,0.0,0.0,0.0,0.0,0.0,0.0,0.0,0.0,0.0,0.0,0.0,0.0,0.0,0.0,0.0
202,05,ANTIOQUIA,05040,ANORÍ,0.0,0.0,0.0,0.0,0.0,0.0,0.0,455.0,0.0,1682.0,1907.0,1812.5,129.0,2841.0,1462.5,5280.0,13534.0,20.0,1462.0,765.0,600.0,1731.0,1300.0,425.0,275.0,0.0
203,05,ANTIOQUIA,05045,APARTADÓ,0.0,0.0,0.0,0.0,0.0,0.0,0.0,0.0,0.0,0.0,0.0,125.25,0.0,350.0,260.0,600.0,2452.68,2945.0,515.0,0.0,0.0,0.0,0.0,0.0,0.0,0.0
204,05,ANTIOQUIA,05055,ARGELIA,0.0,0.0,0.0,0.0,0.0,0.0,0.0,0.0,0.0,0.0,0.0,925.0,0.0,122.5,0.0,0.0,0.0,0.0,0.0,0.0,0.0,0.0,0.0,0.0,0.0,0.0
205,05,ANTIOQUIA,05107,BRICEÑO,0.0,0.0,0.0,0.0,0.0,0.0,0.0,1642.5,120.0,1065.0,1386.0,1136.0,1540.0,75.0,275.0,4024.0,615.0,0.0,1537.0,20.0,0.0,200.4,0.0,0.0,0.0,0.0
206,05,ANTIOQUIA,05134,CAMPAMENTO,0.0,0.0,0.0,0.0,0.0,0.0,0.0,0.0,0.0,375.0,0.0,272.0,406.0,637.5,250.0,4958.0,7600.0,307.0,0.0,75.0,162.5,0.0,0.0,0.0,0.0,0.0
207,05,ANTIOQUIA,05138,CAÑASGORDAS,0.0,0.0,0.0,0.0,0.0,0.0,0.0,0.0,0.0,75.0,50.0,25.0,0.0,0.0,0.0,0.0,0.0,0.0,0.0,0.0,0.0,0.0,0.0,0.0,0.0,0.0
208,05,ANTIOQUIA,05142,CARACOLÍ,0.0,0.0,0.0,0.0,0.0,0.0,3500.0,1565.0,0.0,0.0,0.4,0.0,0.0,0.0,0.0,0.0,0.0,0.0,0.0,0.0,0.0,0.0,0.0,0.0,0.0,0.0
209,05,ANTIOQUIA,05145,CARAMANTA,0.0,0.0,0.0,0.0,0.0,0.0,0.0,0.0,0.0,0.0,100.0,0.0,0.0,0.0,0.0,0.0,0.0,0.0,0.0,0.0,0.0,0.0,0.0,0.0,0.0,0.0
210,05,ANTIOQUIA,05234,DABEIBA,0.0,0.0,0.0,0.0,0.0,0.0,0.0,0.0,25.0,0.0,937.0,130.0,0.0,0.0,0.0,0.0,7700.0,1500.4,0.0,383.5,80.0,0.0,0.0,1.0,0.0,0.0
211,05,ANTIOQUIA,05310,GÓMEZ PLATA,0.0,0.0,0.0,0.0,0.0,0.0,190.0,0.0,0.0,0.0,0.0,0.0,0.0,0.0,0.0,0.0,0.0,0.0,0.0,0.0,0.0,0.0,0.0,0.0,0.0,0.0
212,05,ANTIOQUIA,05360,ITAGÜÍ,0.0,0.0,0.0,0.0,0.0,0.0,0.0,187.0,0.0,0.0,0.0,0.0,0.0,0.0,0.0,0.0,0.0,0.0,0.0,0.0,0.0,0.0,0.0,0.0,0.0,0.0
213,05,ANTIOQUIA,05361,ITUANGO,0.0,0.0,0.0,0.0,0.0,0.0,300.0,625.0,1937.0,3390.0,3207.0,4118.0,4615.5625,900.0,804.0,2735.0,8010.0,2766.5,150.0,1314.0,4560.0,1717.5,833.0,120.0,0.0,0.0
214,05,ANTIOQUIA,05411,LIBORINA,0.0,0.0,0.0,0.0,0.0,0.0,0.0,320.0,0.0,0.0,0.0,0.0,0.0,0.0,0.0,0.0,0.0,0.0,0.0,0.0,0.0,0.0,0.0,0.0,0.0,0.0
215,05,ANTIOQUIA,05480,MUTATÁ,0.0,0.0,0.0,0.0,0.0,0.0,0.0,0.0,301.0,188.0,0.0,1000.0,2610.0,3742.0,1585.0,3830.0,7379.5,2865.64,200.0,0.0,0.0,0.0,0.0,0.0,0.0,0.0
216,05,ANTIOQUIA,05543,PEQUE,0.0,0.0,0.0,0.0,0.0,0.0,0.0,0.0,0.0,0.0,313.0,0.0,0.0,0.0,0.0,0.0,0.0,0.0,0.0,0.0,0.0,0.0,0.0,0.0,0.0,0.0
217,05,ANTIOQUIA,05585,PUERTO NARE,0.0,0.0,0.0,0.0,0.0,0.0,0.0,250.0,0.0,150.0,2443.0,288.0,0.021,620.0,70.0,0.0,541.0,1785.825,12.0,0.0,0.0,817.15,0.0,0.0,0.0,0.0
218,05,ANTIOQUIA,05591,PUERTO TRIUNFO,0.0,0.0,0.0,0.0,0.0,0.0,0.0,0.0,0.0,0.0,563.0,0.0,155.0,70.0,0.0,0.85,0.0,0.0,0.0,0.0,0.0,0.0,0.0,0.0,0.0,0.0
219,05,ANTIOQUIA,05604,REMEDIOS,0.0,0.0,0.0,0.0,0.0,0.0,120.0,330.0,0.0,195.0,500.0,250.0,0.0,0.0,0.0,0.0,0.0,0.0,0.0,250.0,0.0,0.0,0.0,0.0,0.0,0.0
220,05,ANTIOQUIA,05649,SAN CARLOS,0.0,0.0,0.0,0.0,0.0,0.0,0.0,0.0,0.0,0.0,0.0,420.0,0.0,0.0,0.0,0.0,0.0,2035.0,0.0,0.0,0.0,0.0,0.0,0.0,0.0,0.0
221,05,ANTIOQUIA,05660,SAN LUIS,0.0,0.0,0.0,0.0,0.0,0.0,0.0,0.0,190.0,403.0,11484.0,3240.0,400600.0,3935.0,2426.2,1974.0,3200.0,1465.2,294.0,0.0,1790.0,3717.0,190.0,15.0,636.0,0.0
222,05,ANTIOQUIA,05736,SEGOVIA,0.0,0.0,0.0,0.0,0.0,0.0,462.0,1275.0,0.0,3988.25,1576.0,0.0,0.0,2.0,200.0,0.0,0.0,37.5,75.0,30.0,50.0,673.0,0.0,120.0,0.0,0.0
223,05,ANTIOQUIA,05756,SONSÓN,0.0,0.0,0.0,0.0,0.0,0.0,0.0,0.0,0.0,30.0,1155.0,0.0,399.5,0.0,0.0,525.0,25.0,0.0,0.0,0.0,225.0,0.0,0.0,0.0,589.68,0.0
224,05,ANTIOQUIA,05819,TOLEDO,0.0,0.0,0.0,0.0,0.0,0.0,0.0,435.0,0.0,0.0,0.0,0.0,437.5,0.0,1999.5,0.0,170.0,0.0,800.25,0.0,125.0,200.0,0.0,0.0,0.0,0.0
225,05,ANTIOQUIA,05842,URAMITA,0.0,0.0,0.0,0.0,0.0,0.0,0.0,0.0,0.0,0.0,100.0,759.0,0.0,0.0,0.0,0.0,0.0,0.0,0.0,0.0,0.0,0.0,0.0,0.0,0.0,0.0
226,05,ANTIOQUIA,05858,VEGACHÍ,0.0,0.0,0.0,0.0,0.0,0.0,0.0,4020.0,0.0,0.0,1395.0,700.25,0.0,0.0,0.0,1465.0,0.0,0.0,104.0,0.0,0.0,0.0,257.0,0.0,137.5,50.0
227,05,ANTIOQUIA,05885,YALÍ,0.0,0.0,0.0,0.0,0.0,0.0,0.0,472.0,250.0,475.0,0.0,866.0,0.0,0.0,0.0,912.0,500.0,0.0,0.0,0.0,0.0,220.0,0.0,0.0,0.0,0.0
228,05,ANTIOQUIA,05887,YARUMAL,0.0,0.0,0.0,0.0,0.0,0.0,0.0,0.0,250.0,0.0,425.0,4558.0,1002.0,1688.0,600.0,1458.0,3555.0,703.0,852.0,0.0,0.0,0.0,0.0,0.0,0.0,0.0
229,05,ANTIOQUIA,05890,YOLOMBÓ,0.0,0.0,0.0,0.0,0.0,0.0,0.0,0.0,0.0,187.0,0.0,40.0,250.0,0.0,2250.0,20.0,915.0,0.0,0.0,0.0,0.0,0.0,0.0,0.0,0.0,0.0
230,11,BOGOTÁ D.C.,11001,BOGOTÁ D.C.,0.0,0.0,0.0,0.0,0.0,0.0,11.0,0.0,137.5,0.0,0.0,28.0,0.0,0.0,0.0,0.0,0.0,0.0,0.0,0.0,0.0,0.0,0.0,0.0,0.0,0.0
231,13,BOLÍVAR,13001,CARTAGENA DE INDIAS ,0.0,0.0,0.0,0.0,0.0,0.0,0.0,0.0,33623.2,0.0,0.0,0.0,0.0,0.0,0.0,0.0,0.0,0.0,0.0,0.0,0.0,0.0,0.0,0.0,0.0,0.0
232,13,BOLÍVAR,13006,ACHÍ,0.0,0.0,0.0,0.0,0.0,0.0,0.0,750.0,0.0,1625.0,0.0,0.0,2855.0,0.0,0.0,200.0,0.0,0.0,0.0,0.0,56.0,0.0,0.0,0.0,200.0,0.0
233,13,BOLÍVAR,13042,ARENAL,0.0,0.0,0.0,0.0,0.0,0.0,0.0,37.0,0.0,250.0,0.0,0.0,0.0,0.0,0.0,175.0,0.0,0.0,0.0,0.0,0.0,0.0,0.0,0.0,0.0,0.0
234,13,BOLÍVAR,13442,MARIA LA BAJA,0.0,0.0,0.0,0.0,0.0,0.0,0.0,0.0,0.0,0.0,0.0,800.0,0.0,0.0,0.0,0.0,0.0,0.0,0.0,0.0,0.0,0.0,0.0,0.0,0.0,0.0
235,13,BOLÍVAR,13468,MOMPÓS,0.0,0.0,0.0,0.0,0.0,0.0,0.0,0.0,0.0,0.0,0.0,650.0,0.0,0.0,0.0,0.0,0.0,0.0,0.0,0.0,0.0,0.0,0.0,0.0,0.0,0.0
236,13,BOLÍVAR,13580,REGIDOR,0.0,0.0,0.0,0.0,0.0,0.0,22.0,0.0,0.0,0.0,0.0,0.0,0.0,0.0,0.0,0.0,0.0,0.0,0.0,0.0,0.0,0.0,0.0,0.0,0.0,0.0
237,13,BOLÍVAR,13654,SAN JACINTO,0.0,0.0,0.0,0.0,0.0,0.0,0.0,0.0,0.0,125.0,0.0,19890.0,540.0,0.0,300.0,0.0,125.0,0.0,0.0,0.0,0.0,0.0,0.0,0.0,0.0,0.0
238,15,BOYACÁ,15001,TUNJA,0.0,0.0,0.0,0.0,0.0,0.0,0.0,0.0,3502.238,0.0,0.0,0.0,0.0,0.0,0.0,0.0,0.0,0.0,0.0,0.0,0.0,0.0,0.0,0.0,0.0,0.0
239,15,BOYACÁ,15047,AQUITANIA,0.0,0.0,0.0,0.0,0.0,0.0,187.0,0.0,0.0,0.0,0.0,0.0,0.0,0.0,0.0,0.0,0.0,0.0,0.0,0.0,0.0,0.0,0.0,0.0,0.0,0.0
240,15,BOYACÁ,15106,BRICEÑO,0.0,0.0,0.0,0.0,0.0,0.0,1400.0,0.0,0.0,0.0,0.0,0.0,0.0,0.0,0.0,0.0,0.0,0.0,0.0,0.0,0.0,0.0,0.0,0.0,0.0,0.0
241,15,BOYACÁ,15109,BUENAVISTA,0.0,0.0,0.0,0.0,0.0,0.0,0.0,0.0,0.0,0.0,0.0,80.0,0.0,0.0,0.0,0.0,0.0,0.0,0.0,0.0,0.0,0.0,0.0,0.0,0.0,0.0
242,15,BOYACÁ,15223,CUBARÁ,0.0,0.0,0.0,0.0,0.0,0.0,0.0,0.0,0.0,138.0,0.0,0.0,0.0,0.0,0.0,0.0,0.0,0.0,0.0,0.0,0.0,0.0,0.0,0.0,0.0,0.0
243,15,BOYACÁ,15236,CHIVOR,0.0,0.0,0.0,0.0,0.0,0.0,12.0,0.0,0.0,0.0,0.0,0.0,0.0,0.0,0.0,0.0,0.0,0.0,0.0,0.0,0.0,0.0,0.0,0.0,0.0,0.0
244,15,BOYACÁ,15667,SAN LUIS DE GACENO,0.0,0.0,0.0,0.0,0.0,0.0,551.0,130.0,0.0,0.0,0.0,0.0,0.0,0.0,0.0,0.0,0.0,0.0,0.0,0.0,0.0,0.0,0.0,0.0,0.0,0.0
245,15,BOYACÁ,15686,SANTANA,0.0,0.0,0.0,0.0,0.0,0.0,0.0,0.02,0.0,0.0,0.0,0.0,0.0,0.0,0.0,0.0,0.0,0.0,0.0,0.0,0.0,0.0,0.0,0.0,0.0,0.0
246,17,CALDAS,17380,LA DORADA,0.0,0.0,0.0,0.0,0.0,0.0,0.0,0.0,0.0,0.0,325.0,0.0,0.0,0.0,0.0,0.0,0.0,0.0,0.0,0.0,0.0,0.0,0.0,0.0,0.0,0.0
247,17,CALDAS,17444,MARQUETALIA,0.0,0.0,0.0,0.0,0.0,0.0,0.0,12.0,0.0,0.0,0.0,0.0,0.0,0.0,0.0,0.0,0.0,0.0,0.0,0.0,0.0,0.0,0.0,0.0,0.0,0.0
248,17,CALDAS,17495,NORCASIA,0.0,0.0,0.0,0.0,0.0,0.0,120.0,0.0,0.0,0.0,0.0,0.0,0.0,0.0,690.0,0.0,0.0,0.0,0.0,0.0,0.0,0.0,0.0,0.0,0.0,0.0
249,17,CALDAS,17867,VICTORIA,0.0,0.0,0.0,0.0,0.0,0.0,0.0,1.0,262.0,37.0,0.0,0.0,0.0,0.0,0.0,0.0,0.0,0.0,0.0,0.0,0.0,0.0,0.0,0.0,0.0,0.0
250,18,CAQUETÁ,18029,ALBANIA,0.0,0.0,0.0,0.0,0.0,0.0,600.0,0.0,0.0,0.0,0.0,0.0,0.0,0.0,428.0,0.0,0.0,0.0,0.0,0.0,0.0,0.0,820.01,1301.0,1677.676,0.0
251,18,CAQUETÁ,18247,EL DONCELLO,0.0,0.0,0.0,0.0,0.0,0.0,0.0,178.0,0.0,0.0,30.0,10225.0,0.0,1836.0,10091.365,4140.425,7150.5,19783.5,1056.0,55.0,200.0,0.0,610.0,1400.0,2250.0,0.0
252,19,CAUCA,19110,BUENOS AIRES,0.0,0.0,0.0,0.0,0.0,0.0,0.0,0.0,250.0,1000.0,62.0,37.0,5896.5,0.0,7990.0,0.0,2560.0,1704.2018,2612.5,31734.0,23321.0,1050.0,3152.15,290.0,12306.0,6200.0
253,19,CAUCA,19130,CAJIBÍO,0.0,0.0,0.0,0.0,0.0,0.0,0.0,0.0,0.0,0.0,0.0,75.0,0.0,0.0,5.0,3200.0,12386.0,12270.0,825.0,750.0,0.0,2251.5,0.0,0.0,11065.0,0.0
254,19,CAUCA,19364,JAMBALÓ,0.0,0.0,0.0,0.0,0.0,0.0,12.5,0.0,0.0,0.0,0.0,0.0,0.0,0.0,0.0,0.0,180.0,3330.0,0.0,0.0,1200.0,0.0,0.0,0.0,0.0,0.0
255,19,CAUCA,19418,LÓPEZ,0.0,0.0,0.0,0.0,0.0,0.0,175.0,0.0,350.0,1620.0,600.0,1322.5,0.0,0.0,144.0,0.0,1225.0,1883.0,0.0,2455.0,0.0,1467.0,3448.78,630.0,700.0,0.0
256,19,CAUCA,19473,MORALES,0.0,0.0,0.0,0.0,0.0,0.0,0.422,0.0,0.0,0.0,1878.0,0.0,100.0,925.0,8793.5,3710.0,8063.0,19337.0,2000.0,400.0,200.0,4125.0,13750.0,150.0,5327.9,0.0
257,19,CAUCA,19513,PADILLA,0.0,0.0,0.0,0.0,0.0,0.0,0.0,0.0,0.0,0.0,0.0,88.0,0.0,0.0,0.0,0.0,0.0,0.0,0.0,0.0,0.0,0.0,0.0,0.0,0.0,0.0
258,19,CAUCA,19585,PURACÉ ,0.0,0.0,0.0,0.0,0.0,0.0,0.0,0.0,0.0,0.0,10.0,0.0,0.0,0.0,0.0,0.0,0.0,0.0,0.0,0.0,0.0,0.0,0.0,0.0,0.0,0.0
259,19,CAUCA,19693,SAN SEBASTIÁN,0.0,0.0,0.0,0.0,0.0,0.0,50.0,0.0,1000.0,0.0,0.0,0.0,0.0,50.0,3625.0,0.0,0.0,300.0,55.0,0.0,0.0,0.0,0.0,0.0,0.0,0.0
260,19,CAUCA,19701,SANTA ROSA,0.0,0.0,0.0,0.0,0.0,0.0,309.0,3750.0,0.0,1400.0,0.0,0.0,0.0,150.0,0.0,0.0,0.0,0.0,0.0,600.0,0.0,0.0,0.08,900.0,3288.0,0.0
261,19,CAUCA,19785,SUCRE,0.0,0.0,0.0,0.0,0.0,0.0,0.0,0.0,0.0,0.0,0.0,6137.5,185.0,220.0,700.0,0.0,0.0,0.0,0.0,0.0,0.0,45.0,301.87,250.0,520.0,0.0
262,19,CAUCA,19807,TIMBÍO,0.0,0.0,0.0,0.0,0.0,0.0,0.0,0.0,0.0,0.0,125.0,0.0,910.0,0.0,0.0,0.0,3149.0,525.0,0.0,0.0,0.0,0.0,0.0,0.0,0.0,0.0
263,20,CESAR,20001,VALLEDUPAR,0.0,0.0,0.0,0.0,0.0,0.0,0.0,0.0,220.0,0.0,0.0,0.0,0.0,0.0,0.0,0.0,0.0,0.0,0.0,0.0,0.0,0.0,0.0,0.0,0.0,0.0
264,20,CESAR,20011,AGUACHICA,0.0,0.0,0.0,0.0,0.0,0.0,0.0,0.0,13.0,236.0,325.0,0.0,0.0,0.0,65.2,80.5,2032.0,0.0,0.0,0.0,0.0,0.0,0.0,0.0,0.0,0.0
265,20,CESAR,20013,AGUSTÍN CODAZZI,0.0,0.0,0.0,0.0,0.0,0.0,0.0,4592.0,13578.0,0.0,100.0,87.5,0.0,0.0,0.0,0.0,25.0,0.0,0.0,0.0,0.0,0.0,0.0,0.0,0.0,0.0
266,20,CESAR,20238,EL COPEY,0.0,0.0,0.0,0.0,0.0,0.0,0.0,0.0,312.0,0.0,0.0,592.5,150.0,250.0,110.0,0.0,0.0,0.0,0.0,0.0,0.0,0.0,0.0,0.0,0.0,0.0
267,20,CESAR,20710,SAN ALBERTO,0.0,0.0,0.0,0.0,0.0,0.0,0.0,300.0,3787.0,38.0,310.0,0.0,0.0,0.0,32.0,155.0,0.0,0.0,0.0,0.0,0.0,900.0,200.0,0.0,0.0,0.0
268,23,CÓRDOBA,23001,MONTERÍA,0.0,0.0,0.0,0.0,0.0,0.0,0.0,0.0,55282.5,0.0,80.0,0.0,0.0,0.0,0.0,0.0,0.0,0.0,0.0,0.0,0.0,0.0,0.0,0.0,0.0,0.0
269,23,CÓRDOBA,23068,AYAPEL,0.0,0.0,0.0,0.0,0.0,0.0,1800.0,0.0,0.0,0.0,0.0,0.0,0.0,0.0,0.0,0.0,0.0,0.0,0.0,0.0,0.0,0.0,0.0,0.0,0.0,0.0
270,23,CÓRDOBA,23079,BUENAVISTA,0.0,0.0,0.0,0.0,0.0,0.0,0.0,0.0,0.0,0.0,2265.0,0.0,0.0,0.0,0.0,0.0,0.0,0.0,0.0,0.0,0.0,0.0,0.0,0.0,0.0,0.0
271,23,CÓRDOBA,23350,LA APARTADA,0.0,0.0,0.0,0.0,0.0,0.0,500.0,0.0,0.0,0.0,0.0,0.0,0.0,0.0,0.0,0.0,0.0,0.0,0.0,0.0,0.0,0.0,0.0,0.0,0.0,0.0
272,23,CÓRDOBA,23417,LORICA,0.0,0.0,0.0,0.0,0.0,0.0,0.0,29320.0,0.0,0.0,0.0,0.0,2939.0,0.0,0.0,0.0,0.0,0.0,0.0,0.0,0.0,0.0,0.0,0.0,0.0,0.0
273,23,CÓRDOBA,23570,PUEBLO NUEVO,0.0,0.0,0.0,0.0,0.0,0.0,6.0,0.0,0.0,0.0,0.0,0.0,0.0,0.0,0.0,0.0,0.0,0.0,0.0,0.0,0.0,0.0,0.0,0.0,0.0,0.0
274,23,CÓRDOBA,23855,VALENCIA,0.0,0.0,0.0,0.0,0.0,0.0,375.0,0.0,0.0,0.0,0.0,0.0,0.0,0.0,187.0,0.0,507.5,270.0,125.0,0.0,0.0,50.0,0.0,0.0,0.0,0.0
275,25,CUNDINAMARCA,25269,FACATATIVÁ,0.0,0.0,0.0,0.0,0.0,0.0,0.0,0.0,425.0,0.0,0.0,0.0,0.0,0.0,0.0,0.0,0.0,0.0,0.0,0.0,0.0,0.0,0.0,0.0,0.0,0.0
276,25,CUNDINAMARCA,25513,PACHO,0.0,0.0,0.0,0.0,0.0,0.0,375.0,1500.0,0.0,0.0,0.0,0.0,0.0,0.0,0.0,0.0,0.0,0.0,0.0,0.0,0.0,0.0,0.0,0.0,0.0,0.0
277,25,CUNDINAMARCA,25530,PARATEBUENO,0.0,0.0,0.0,0.0,0.0,0.0,0.0,0.0,1500.0,0.0,0.0,0.0,0.0,0.0,0.0,0.0,0.0,0.0,0.0,0.0,0.0,0.0,0.0,0.0,0.0,0.0
278,25,CUNDINAMARCA,25572,PUERTO SALGAR,0.0,0.0,0.0,0.0,0.0,0.0,0.0,0.0,0.0,137.0,1650.0,0.2,312.0,50.07,0.0,0.0,0.0,0.0,0.0,0.0,0.0,0.0,0.0,0.0,0.0,0.0
279,25,CUNDINAMARCA,25875,VILLETA,0.0,0.0,0.0,0.0,0.0,0.0,0.0,0.0,0.0,0.0,0.0,1.0,0.0,0.0,0.0,0.0,0.0,0.0,0.0,0.0,0.0,0.0,0.0,0.0,0.0,0.0
280,27,CHOCÓ,27001,QUIBDÓ,0.0,0.0,0.0,0.0,0.0,0.0,0.0,650.0,0.0,0.0,0.0,0.0,150.0,0.0,0.0,0.0,0.0,0.0,0.0,0.0,0.0,0.0,0.0,0.0,0.0,0.0
281,27,CHOCÓ,27073,BAGADÓ,0.0,0.0,0.0,0.0,0.0,0.0,0.0,0.0,0.0,250.0,0.0,0.0,0.0,0.0,0.0,0.0,0.0,0.0,0.0,0.0,0.0,0.0,0.0,0.0,0.0,0.0
282,27,CHOCÓ,27075,BAHÍA SOLANO ,0.0,0.0,0.0,0.0,0.0,0.0,0.0,0.0,0.0,0.0,0.0,10.0,0.0,0.0,0.0,0.0,0.0,0.0,0.0,0.0,0.0,0.0,0.0,0.0,0.0,0.0
283,27,CHOCÓ,27077,BAJO BAUDÓ  ,0.0,0.0,0.0,0.0,0.0,0.0,85.0,750.0,0.0,12.5,0.0,262.5,1220.0,700.0,0.0,0.0,480.0,0.0,25.0,226.42,370.0,0.0,0.0,0.0,0.0,0.0
284,27,CHOCÓ,27135,EL CANTÓN DEL SAN PABLO,0.0,0.0,0.0,0.0,0.0,0.0,20.0,0.0,0.0,0.0,0.0,0.0,0.0,500.0,0.0,0.0,0.0,0.0,0.0,0.0,0.0,0.0,0.0,0.0,0.0,0.0
285,27,CHOCÓ,27250,EL LITORAL DEL SAN JUAN,0.0,0.0,0.0,0.0,0.0,0.0,0.0,0.0,330.0,4100.0,970.0,74.5,0.0,200.0,329.0,0.0,0.0,0.0,100.0,1.36,470.0,511.0,110.0,30.0,0.0,0.0
286,27,CHOCÓ,27361,ISTMINA,0.0,0.0,0.0,0.0,0.0,0.0,1.5,0.0,1038.0,500.0,250.0,0.0,0.0,900.0,0.0,630.0,1152.5,2551.0,0.0,550.0,0.0,111.0,30.0,0.0,0.0,0.0
287,27,CHOCÓ,27413,LLORÓ,0.0,0.0,0.0,0.0,0.0,0.0,0.0,0.0,0.0,0.0,0.0,120.0,0.0,0.0,0.0,909.0,187.5,11000.0,0.0,72.0,0.0,0.0,0.0,0.0,50.0,0.0
288,27,CHOCÓ,27430,MEDIO BAUDÓ ,0.0,0.0,0.0,0.0,0.0,0.0,0.0,0.0,0.0,0.0,416.0,524.0,50.0,50.0,0.0,0.0,120.75,4.0,50.0,60.0,0.0,0.0,0.0,0.0,0.0,0.0
289,27,CHOCÓ,27491,NÓVITA,0.0,0.0,0.0,0.0,0.0,0.0,0.0,0.0,0.0,2070.0,240.0,0.0,1290.0,0.0,0.0,0.0,0.0,0.0,245.0,320.0,0.0,200.0,0.0,0.0,0.0,0.0
290,27,CHOCÓ,27660,SAN JOSÉ DEL PALMAR,0.0,0.0,0.0,0.0,0.0,0.0,4.0,0.0,1165.0,361.0,250.0,50.0,501.6,360.0,100.0,37.5,1069.86,2566.0,1767.55,1810.13,5784.005,1416.074,2569.463,7099.15,1382.0,125.0
291,27,CHOCÓ,27745,SIPÍ,0.0,0.0,0.0,0.0,0.0,0.0,0.0,0.0,753.0,1510.0,0.0,0.0,625.0,0.0,20.0,0.0,0.0,0.0,50.0,550.0,650.0,37.0,333.1,0.0,0.0,0.0
292,27,CHOCÓ,27787,TADÓ,0.0,0.0,0.0,0.0,0.0,0.0,0.0,0.0,0.0,0.0,0.0,1619.0,0.0,250.0,125.0,0.0,0.0,0.0,0.0,0.0,0.0,0.0,0.0,0.0,4000.0,0.0
293,27,CHOCÓ,27810,UNIÓN PANAMERICANA ,0.0,0.0,0.0,0.0,0.0,0.0,0.0,0.0,0.0,0.0,0.0,520.0,0.0,1250.0,0.0,1278.0,637.5,0.0,0.0,0.0,0.0,0.0,0.0,0.0,0.0,0.0
294,41,HUILA,41001,NEIVA,0.0,0.0,0.0,0.0,0.0,0.0,2.3,0.0,0.0,0.0,0.0,624.0,0.0,0.0,0.0,0.0,124.822,0.0,0.0,0.0,0.0,0.0,0.0,0.0,0.0,0.0
295,41,HUILA,41551,PITALITO,0.0,0.0,0.0,0.0,0.0,0.0,0.0,0.25,0.0,0.0,12.5,0.0,0.0,0.0,0.0,0.0,0.0,0.0,0.0,0.0,0.0,0.0,0.0,0.0,0.0,0.0
296,44,LA GUAJIRA,44098,DISTRACCIÓN,0.0,0.0,0.0,0.0,0.0,0.0,0.0,0.0,0.0,25.0,0.0,0.0,0.0,0.0,0.0,0.0,0.0,0.0,0.0,0.0,0.0,0.0,0.0,0.0,0.0,0.0
297,50,META,50001,VILLAVICENCIO,0.0,0.0,0.0,0.0,0.0,0.0,0.0,0.0,39824.6,0.0,470.0,0.0,0.0,0.0,0.0,0.0,0.0,0.0,0.0,0.0,0.0,0.0,0.0,0.0,0.0,0.0
298,50,META,50330,MESETAS,0.0,0.0,0.0,0.0,0.0,0.0,63.0,100.0,1624.0,1361.0,2000.0,112.0,3850.0,1730.0,1265.0,1130.0,137.0,429.0,0.0,0.0,0.0,0.0,30.0,618.0,0.0,0.0
299,50,META,50568,PUERTO GAITÁN,0.0,0.0,0.0,0.0,0.0,0.0,10.0,0.0,2000.0,6362.5,39347.0,12479.0,3962.5,1200.0,0.0,625.0,0.0,0.0,0.0,0.0,0.0,0.0,0.0,0.0,0.0,0.0
300,50,META,50573,PUERTO LÓPEZ,0.0,0.0,0.0,0.0,0.0,0.0,4687.0,0.0,365.0,15.0,0.0,0.0,0.0,0.0,0.0,0.0,0.0,0.0,0.0,0.0,0.0,0.0,0.0,0.0,0.0,0.0
301,50,META,50590,PUERTO RICO,0.0,0.0,0.0,0.0,0.0,0.0,4761.0,16721.0,7554.0,7014.0,2880.0,4486.0,21263.0,7715.0,220.0,14149.005,31985.0,105721.93,25433.577,11255.41,14016.5,24902.24,12418.0,26725.2,17657.301,520.0
302,52,NARIÑO,52019,ALBÁN ,0.0,0.0,0.0,0.0,0.0,0.0,150.0,1475.0,0.0,0.0,600.0,0.0,0.0,0.0,0.0,0.0,0.0,0.0,0.0,0.0,0.0,0.0,0.0,0.0,0.0,0.0
303,52,NARIÑO,52022,ALDANA,0.0,0.0,0.0,0.0,0.0,0.0,0.0,0.0,89.0,0.0,0.0,0.0,0.0,0.0,0.0,0.0,0.0,0.0,0.0,150.0,0.0,0.0,0.0,0.0,0.0,0.0
304,52,NARIÑO,52036,ANCUYA,0.0,0.0,0.0,0.0,0.0,0.0,450.0,0.0,0.0,0.0,0.0,0.0,0.0,0.0,232.0,3.5,0.0,283.48,0.0,0.0,50.0,30.0,0.0,0.0,0.0,0.0
305,52,NARIÑO,52110,BUESACO,0.0,0.0,0.0,0.0,0.0,0.0,480.0,0.0,0.0,0.0,0.0,0.0,0.0,0.0,0.0,0.0,0.0,0.0,0.0,0.0,0.0,0.0,0.0,0.0,0.0,0.0
306,52,NARIÑO,52254,EL PEÑOL,0.0,0.0,0.0,0.0,0.0,0.0,0.0,0.0,0.0,0.0,125.0,2362.5,0.1,0.0,0.0,0.0,0.0,6209.38,0.0,0.0,0.0,0.0,0.0,0.0,0.0,0.0
307,52,NARIÑO,52356,IPIALES,0.0,0.0,0.0,0.0,0.0,0.0,0.0,0.0,125.0,1350.0,525.0,0.0,0.0,0.0,0.0,416.0,0.0,0.0,0.0,1117.0,0.0,1250.0,0.0,150.0,12327.19,575.0
308,52,NARIÑO,52381,LA FLORIDA,0.0,0.0,0.0,0.0,0.0,0.0,600.0,2562.5,2000.0,0.0,75.0,187.5,0.25,0.0,0.0,0.0,0.0,0.0,0.0,0.0,0.0,0.0,0.0,907.0,0.0,0.0
309,52,NARIÑO,52385,LA LLANADA,0.0,0.0,0.0,0.0,0.0,0.0,0.0,0.0,0.0,125.0,750.0,0.0,1108.9,500.0,0.0,400.0,125.0,622.68,957.0,1248.0,0.0,0.0,80.0,0.0,0.0,0.0
310,52,NARIÑO,52435,MALLAMA ,0.0,0.0,0.0,0.0,0.0,0.0,0.0,0.0,0.0,0.0,0.013,240.0,312.5,18.0,0.0,0.1,0.0,873.0,0.0,0.0,0.0,0.0,0.0,0.0,0.0,0.0
311,52,NARIÑO,52520,FRANCISCO PIZARRO ,0.0,0.0,0.0,0.0,0.0,0.0,1360.0,315.0,375.0,200.0,1178.0,3050.0,0.0,2000.0,710.0,187.5,500.0,200.0,720.0,0.0,380.16,87.0,2092.0,0.0,1829.0,0.0
312,52,NARIÑO,52560,POTOSÍ,0.0,0.0,0.0,0.0,0.0,0.0,600.0,0.0,200.0,0.0,0.0,0.0,0.0,0.0,0.0,0.0,0.0,0.0,0.0,0.0,0.0,0.0,0.0,0.0,50.0,0.0
313,52,NARIÑO,52573,PUERRES,0.0,0.0,0.0,0.0,0.0,0.0,0.0,625.0,0.0,0.0,0.0,0.0,0.0,0.0,0.0,50.0,0.0,0.0,0.0,0.0,0.0,0.0,0.0,0.0,0.0,0.0
314,52,NARIÑO,52612,RICAURTE,0.0,0.0,0.0,0.0,0.0,0.0,0.0,0.0,0.0,250.0,1687.0,125.0,0.0,22.0,232.5,1100.0,2480.0,6886.0,902.5,1927.0,0.0,50.0,4988.9,11978.0,65.0,0.0
315,52,NARIÑO,52683,SANDONÁ,0.0,0.0,0.0,0.0,0.0,0.0,2685.0,1997.5,750.0,0.0,0.0,0.25,0.0,0.0,0.55,0.0,0.0,0.0,0.0,0.0,0.0,0.0,0.0,19375.0,0.0,0.0
316,52,NARIÑO,52685,SAN BERNARDO,0.0,0.0,0.0,0.0,0.0,0.0,375.0,0.0,0.0,0.0,0.0,0.0,0.0,0.0,0.0,0.0,0.0,0.0,0.0,0.0,0.0,0.0,0.0,0.0,0.0,0.0
317,52,NARIÑO,52694,SAN PEDRO DE CARTAGO ,0.0,0.0,0.0,0.0,0.0,0.0,37.0,0.0,0.0,0.0,0.0,0.0,0.0,0.0,0.0,0.0,0.0,0.0,0.0,0.0,0.0,0.0,0.0,0.0,0.0,0.0
318,52,NARIÑO,52699,SANTA CRUZ ,0.0,0.0,0.0,0.0,0.0,0.0,0.0,0.0,0.0,450.0,0.0,0.0,0.0,860.0,0.0,2125.5,50.0,680.0,25.001,0.0,400.0,0.0,820.0,0.0,0.0,0.0
319,52,NARIÑO,52788,TANGUA,0.0,0.0,0.0,0.0,0.0,0.0,0.0,0.0,25.0,0.0,0.0,0.0,0.0,0.0,0.0,0.0,0.0,0.0,0.0,0.0,0.0,0.0,0.0,0.0,0.0,0.0
320,52,NARIÑO,52838,TÚQUERRES,0.0,0.0,0.0,0.0,0.0,0.0,0.0,0.0,376.0,0.0,0.0,0.0,0.0,800.0625,0.0,0.0,0.0,0.0,0.0,0.0,0.0,0.0,0.0,0.0,0.0,0.0
321,54,NORTE DE SANTANDER,54001,CÚCUTA,0.0,0.0,0.0,0.0,0.0,0.0,0.0,0.0,43340.827,0.0,375.0,456.0,0.0,0.0,120.0,0.0,725.0,1325.0,62.0,1475.0,500.0,150.0,330.0,75.0,0.0,0.0
322,54,NORTE DE SANTANDER,54051,ARBOLEDAS,0.0,0.0,0.0,0.0,0.0,0.0,0.0,0.0,0.0,0.0,240.0,0.0,0.0,0.0,0.0,0.0,0.0,0.0,0.0,0.0,0.0,0.0,0.0,0.0,0.0,0.0
323,54,NORTE DE SANTANDER,54398,LA PLAYA,0.0,0.0,0.0,0.0,0.0,0.0,0.0,0.0,0.0,0.0,4125.0,0.0,0.0,0.0,0.0,0.0,0.0,0.0,0.0,260.0,0.0,0.0,0.0,0.0,0.0,0.0
324,54,NORTE DE SANTANDER,54820,TOLEDO,0.0,0.0,0.0,0.0,0.0,0.0,0.0,0.0,741.0,2304.0,0.0,100.0,0.0,0.0,0.0,0.0,0.0,0.0,0.0,0.0,0.0,0.0,0.0,0.0,0.0,0.0
325,66,RISARALDA,66075,BALBOA,0.0,0.0,0.0,0.0,0.0,0.0,1587.3,0.0,0.0,0.0,0.0,0.0,0.0,0.0,0.0,0.0,0.0,0.0,0.0,0.0,0.0,0.0,0.0,0.0,0.0,0.0
326,66,RISARALDA,66456,MISTRATÓ,0.0,0.0,0.0,0.0,0.0,0.0,0.0,0.0,0.0,0.0,0.0,100.0,0.0,0.0,0.0,0.0,0.0,0.0,0.0,0.0,0.0,0.0,0.0,0.0,0.0,0.0
327,66,RISARALDA,66572,PUEBLO RICO,0.0,0.0,0.0,0.0,0.0,0.0,0.0,0.0,133.0,375.0,0.0,0.0,0.0,395.0,0.0,0.0,500.0,0.0,0.0,0.0,0.0,0.0,0.0,0.0,0.0,0.0
328,68,SANTANDER,68001,BUCARAMANGA,0.0,0.0,0.0,0.0,0.0,0.0,0.0,0.0,1801.05,0.0,0.0,0.0,0.0,0.0,0.0,0.0,0.0,0.0,0.0,0.0,0.0,0.0,0.0,0.0,0.0,0.0
329,68,SANTANDER,68077,BARBOSA,0.0,0.0,0.0,0.0,0.0,0.0,0.0,700.0,0.0,0.0,0.0,0.0,0.0,0.0,0.0,0.0,0.0,0.0,0.0,0.0,0.0,0.0,0.0,0.0,0.0,0.0
330,68,SANTANDER,68092,BETULIA,0.0,0.0,0.0,0.0,0.0,0.0,987.5,125.0,0.0,0.0,862.0,362.0,400.0,0.0,0.0,0.0,0.0,0.0,0.0,0.0,0.0,0.0,0.0,0.0,0.0,0.0
331,68,SANTANDER,68377,LA BELLEZA,0.0,0.0,0.0,0.0,0.0,0.0,0.0,0.0,0.0,766.0,0.0,368.0,0.0,312.0,0.0,0.0,0.0,0.0,0.0,0.0,0.0,0.0,0.0,0.0,0.0,0.0
332,68,SANTANDER,68573,PUERTO PARRA,0.0,0.0,0.0,0.0,0.0,0.0,0.0,0.0,0.0,0.0,0.0,875.0,0.0,0.0,250.0,0.0,0.0,100.0,32212.1,0.0,0.0,0.0,0.0,0.0,0.0,0.0
333,68,SANTANDER,68689,SAN VICENTE DE CHUCURÍ,0.0,0.0,0.0,0.0,0.0,0.0,3850.0,0.0,300.0,0.0,0.0,0.0,0.0,0.0,0.0,0.0,0.0,0.0,0.0,0.0,0.0,0.0,0.0,0.0,0.0,0.0
334,68,SANTANDER,68861,VÉLEZ,0.0,0.0,0.0,0.0,0.0,0.0,0.0,0.0,0.0,0.0,0.0,100.0,0.0,0.0,125.0,0.0,0.0,250.0,145.0,0.0,0.0,0.0,250.0,0.0,0.0,0.0
335,70,SUCRE,70265,GUARANDA,0.0,0.0,0.0,0.0,0.0,0.0,850.0,0.0,0.0,2700.0,0.0,0.0,0.0,0.0,0.0,0.0,0.0,0.0,500.0,0.0,0.0,0.0,0.0,0.0,0.0,0.0
336,73,TOLIMA,73067,ATACO,0.0,0.0,0.0,0.0,0.0,0.0,0.0,0.0,0.0,0.0,1000.0,250.0,165.0,0.0,0.0,0.0,0.0,0.0,0.0,0.0,0.0,0.0,0.0,0.0,0.0,0.0
337,73,TOLIMA,73168,CHAPARRAL,0.0,0.0,0.0,0.0,0.0,0.0,0.0,385.0,0.0,0.0,24.0,0.0,14.5,0.0,0.0,0.0,0.0,9380.0,0.0,0.0,0.0,0.0,0.0,0.0,0.0,0.0
338,73,TOLIMA,73411,LÍBANO,0.0,0.0,0.0,0.0,0.0,0.0,0.0,3.0,0.0,0.0,0.0,0.0,0.0,0.0,0.0,0.0,0.0,0.0,0.0,0.0,0.0,0.0,0.0,0.0,0.0,0.0
339,76,VALLE DEL CAUCA,76250,EL DOVIO,0.0,0.0,0.0,0.0,0.0,0.0,562.3,0.0,100.0,0.0,2082.0,240.0,0.0,108.0,0.0,0.0,808.0,0.0,0.0,270.0,1000.0,13.0,0.0,0.0,0.0,0.0
340,76,VALLE DEL CAUCA,76364,JAMUNDÍ,0.0,0.0,0.0,0.0,0.0,0.0,0.0,140.11,6730.0,0.0,518.0,0.0,0.0,0.0,600.0,3512.5,17934.0,11910.1,1835.0,2477.0,1950.0,13257.0,6882.0,0.0,2750.0,0.0
341,76,VALLE DEL CAUCA,76520,PALMIRA,0.0,0.0,0.0,0.0,0.0,0.0,0.0,0.0,0.0,11.0,0.0,0.0,0.0,56.699,0.0,0.0,0.0,0.0,0.0,0.0,0.0,0.0,0.0,0.0,0.0,0.0
342,76,VALLE DEL CAUCA,76563,PRADERA,0.0,0.0,0.0,0.0,0.0,0.0,100.0,0.0,0.0,0.0,0.0,0.0,0.0,0.0,0.0,0.0,0.0,0.0,0.0,0.0,0.0,0.0,0.0,0.0,0.0,0.0
343,76,VALLE DEL CAUCA,76670,SAN PEDRO,0.0,0.0,0.0,0.0,0.0,0.0,0.0,0.0,2000.0,0.0,0.0,0.0,0.0,0.0,750.0,125.0,0.0,0.0,0.0,0.0,0.0,0.0,0.0,0.0,0.0,0.0
344,76,VALLE DEL CAUCA,76834,TULUÁ,0.0,0.0,0.0,0.0,0.0,0.0,0.0,0.0,0.0,112.0,500.0,0.0,1950.0,137.0,0.0,30.0,0.0,0.0,1700.0,0.0,0.0,0.0,850.0,0.0,0.0,0.0
345,76,VALLE DEL CAUCA,76845,ULLOA,0.0,0.0,0.0,0.0,0.0,0.0,0.0,0.0,0.0,0.0,0.0,15.5,0.0,0.0,0.0,0.0,0.0,0.0,0.0,0.0,0.0,0.0,0.0,0.0,0.0,0.0
346,91,AMAZONAS,91460,MIRITÍ-PARANÁ  ,0.0,0.0,0.0,0.0,0.0,0.0,0.0,25.0,0.0,0.0,0.0,0.0,0.0,0.0,0.0,0.0,0.0,0.0,0.0,0.0,0.0,0.0,0.0,0.0,0.0,0.0
347,91,AMAZONAS,91530,PUERTO ALEGRÍA ,0.0,0.0,0.0,0.0,0.0,0.0,0.0,500.0,1375.0,613.0,500.0,375.0,0.0,0.0,0.0,0.0,0.0,0.0,0.0,0.0,1975.0,585.0,369.0,380.0,375.0,0.0
348,91,AMAZONAS,91536,PUERTO ARICA ,0.0,0.0,0.0,0.0,0.0,0.0,0.0,0.0,3862.0,1274.5,0.0,0.0,0.0,0.0,0.0,0.0,0.0,0.0,0.0,0.0,0.0,0.0,0.0,0.0,0.0,0.0
349,91,AMAZONAS,91669,SANTANDER  ,0.0,0.0,0.0,0.0,0.0,0.0,0.0,150.0,0.0,0.0,0.0,0.0,0.0,0.0,0.0,0.0,0.0,0.0,0.0,0.0,0.0,0.0,0.0,0.0,0.0,0.0
350,95,GUAVIARE,95015,CALAMAR,0.0,0.0,0.0,0.0,0.0,0.0,40323.0,12125.0,0.0,1490.0,3735.0,26817.0,9132.0,9012.5,1850.0,4802.625,0.0,1556.0,450.0,296.0,0.0,1520.0,1359.0,692.0,1800.0,0.0
351,97,VAUPES,97001,MITÚ,0.0,0.0,0.0,0.0,0.0,0.0,0.0,1500.0,0.0,0.0,0.0,0.0,1440.0,0.0,92.0,0.0,0.0,0.0,0.0,0.0,0.0,0.0,0.0,0.0,0.0,0.0
352,99,VICHADA,99624,SANTA ROSALÍA,0.0,0.0,0.0,0.0,0.0,0.0,0.0,0.0,0.0,0.0,40.0,0.0,0.0,0.0,0.0,0.0,226.0,350.0,0.0,0.0,0.0,0.0,0.0,0.0,0.0,0.0
353,05,ANTIOQUIA,05147,CAREPA,0.0,0.0,0.0,0.0,0.0,0.0,0.0,0.0,0.0,0.0,0.0,0.0,0.0,50.0,0.0,0.0,0.0,0.0,0.0,0.0,0.0,0.0,0.0,0.0,0.0,0.0
354,05,ANTIOQUIA,05197,COCORNÁ,0.0,0.0,0.0,0.0,0.0,0.0,0.0,0.0,0.0,0.0,0.0,0.0,360.0,0.0,0.0,0.0,0.0,0.0,0.0,0.0,0.0,0.0,0.0,20.0,0.0,0.0
355,05,ANTIOQUIA,05284,FRONTINO,0.0,0.0,0.0,0.0,0.0,0.0,0.0,0.0,0.0,0.0,0.0,0.0,0.0,0.0,56.7,0.0,125.0,0.0,0.0,0.0,0.0,0.0,0.0,0.0,0.0,0.0
356,05,ANTIOQUIA,05315,GUADALUPE,0.0,0.0,0.0,0.0,0.0,0.0,0.0,0.0,0.0,0.0,0.0,0.0,0.0,0.0,0.0,0.0,290.0,0.0,0.0,0.0,0.0,0.0,0.0,0.0,0.0,0.0
357,05,ANTIOQUIA,05380,LA ESTRELLA,0.0,0.0,0.0,0.0,0.0,0.0,0.0,0.0,0.0,0.0,0.0,0.0,400.0,0.0,0.0,0.0,0.0,150.0,0.0,0.0,0.0,0.0,0.0,0.0,0.0,0.0
358,05,ANTIOQUIA,05579,PUERTO BERRÍO,0.0,0.0,0.0,0.0,0.0,0.0,0.0,0.0,0.0,0.0,0.0,0.0,0.0,0.0,100.0,0.0,0.0,0.0,0.0,0.0,0.0,0.0,0.0,0.0,0.0,0.0
359,05,ANTIOQUIA,05628,SABANALARGA,0.0,0.0,0.0,0.0,0.0,0.0,0.0,0.0,0.0,0.0,0.0,0.0,330.0,0.0,0.0,1000.0,660.0,0.0,12.0,0.0,0.0,0.0,0.0,0.0,0.0,0.0
360,05,ANTIOQUIA,05679,SANTA BÁRBARA,0.0,0.0,0.0,0.0,0.0,0.0,0.0,0.0,0.0,0.0,0.0,0.0,0.0,0.0,0.0,0.0,0.0,200.0,0.0,0.0,0.0,0.0,0.0,0.0,0.0,0.0
361,05,ANTIOQUIA,05847,URRAO,0.0,0.0,0.0,0.0,0.0,0.0,0.0,0.0,0.0,0.0,0.0,0.0,0.0,0.25,0.0,0.0,0.0,0.0,0.0,0.0,0.06,0.0,0.0,0.0,0.0,0.0
362,13,BOLÍVAR,13268,EL PEÑÓN,0.0,0.0,0.0,0.0,0.0,0.0,0.0,0.0,0.0,0.0,0.0,0.0,2334.56,0.0,0.0,0.0,0.0,0.0,0.0,0.0,0.0,0.0,0.0,0.0,0.0,0.0
363,13,BOLÍVAR,13490,NOROSI,0.0,0.0,0.0,0.0,0.0,0.0,0.0,0.0,0.0,0.0,0.0,0.0,0.0,0.0,0.0,750.0,0.0,0.0,100.0,2000.0,0.0,56.0,150.0,250.0,76.0,0.0
364,13,BOLÍVAR,13655,SAN JACINTO DEL CAUCA,0.0,0.0,0.0,0.0,0.0,0.0,0.0,0.0,0.0,0.0,0.0,0.0,0.0,400.0,0.0,0.0,0.0,0.0,0.0,0.0,0.0,320.0,0.0,0.0,0.0,0.0
365,15,BOYACÁ,15401,LA VICTORIA,0.0,0.0,0.0,0.0,0.0,0.0,0.0,0.0,0.0,0.0,0.0,0.0,100.0,0.0,0.0,0.0,0.0,0.0,0.0,0.0,0.0,0.0,0.0,0.0,0.0,0.0
366,19,CAUCA,19548,PIENDAMÓ,0.0,0.0,0.0,0.0,0.0,0.0,0.0,0.0,0.0,0.0,0.0,0.0,0.0,0.0,0.0,0.0,0.0,0.587,400.0,0.0,0.0,0.0,0.0,0.0,1000.0,0.0
367,19,CAUCA,19573,PUERTO TEJADA,0.0,0.0,0.0,0.0,0.0,0.0,0.0,0.0,0.0,0.0,0.0,0.0,0.0,162.0,35.0,0.0,0.0,0.0,0.0,0.0,0.0,0.0,0.0,0.0,0.0,0.0
368,20,CESAR,20178,CHIRIGUANÁ,0.0,0.0,0.0,0.0,0.0,0.0,0.0,0.0,0.0,0.0,0.0,0.0,0.0,0.0,0.0,0.0,75.0,0.0,12.08,0.0,0.0,0.0,0.0,0.0,0.0,0.0
369,20,CESAR,20310,GONZÁLEZ,0.0,0.0,0.0,0.0,0.0,0.0,0.0,0.0,0.0,0.0,0.0,0.0,0.0,0.0,0.0,0.0,0.0,60.0,0.0,0.0,0.0,0.0,0.0,0.0,0.0,0.0
370,20,CESAR,20550,PELAYA,0.0,0.0,0.0,0.0,0.0,0.0,0.0,0.0,0.0,0.0,0.0,0.0,0.0,0.0,0.0,110.0,0.0,0.0,0.0,0.0,0.0,0.0,0.0,0.0,0.0,0.0
371,20,CESAR,20614,RÍO DE ORO,0.0,0.0,0.0,0.0,0.0,0.0,0.0,0.0,0.0,0.0,0.0,0.0,0.0,0.0,0.0,205.0,2718.5,50.0,75.0,0.0,0.0,1200.0,1.3,0.0,0.0,0.0
372,20,CESAR,20621,LA PAZ,0.0,0.0,0.0,0.0,0.0,0.0,0.0,0.0,0.0,0.0,0.0,0.0,0.0,0.0,0.0,0.0,67.5,0.0,0.0,0.0,0.0,0.0,0.0,0.0,0.0,0.0
373,20,CESAR,20770,SAN MARTÍN,0.0,0.0,0.0,0.0,0.0,0.0,0.0,0.0,0.0,0.0,0.0,0.0,50.0,250.0,0.0,140.0,1339.0,0.0,0.0,0.0,0.0,4800.0,1950.0,0.0,0.0,0.0
374,23,CÓRDOBA,23682,SAN JOSÉ DE URÉ,0.0,0.0,0.0,0.0,0.0,0.0,0.0,0.0,0.0,0.0,0.0,0.0,785.0,0.0,0.0,975.0,0.0,2400.0,80.0,0.0,0.0,310.0,875.0,766.0,13815.28,0.0
375,25,CUNDINAMARCA,25290,FUSAGASUGÁ,0.0,0.0,0.0,0.0,0.0,0.0,0.0,0.0,0.0,0.0,0.0,0.0,0.0,0.052,35.0,0.0,0.0,0.0,0.0,0.0,0.0,0.0,0.0,0.0,0.0,0.0
376,27,CHOCÓ,27006,ACANDÍ,0.0,0.0,0.0,0.0,0.0,0.0,0.0,0.0,0.0,0.0,0.0,0.0,0.0,0.0,304.5,0.0,0.0,0.0,0.0,0.0,0.0,0.0,0.0,0.0,0.0,0.0
377,27,CHOCÓ,27025,ALTO BAUDÓ ,0.0,0.0,0.0,0.0,0.0,0.0,0.0,0.0,0.0,0.0,0.0,0.0,0.0,0.0,0.0,0.0,0.0,625.0,725.0,0.0,0.0,0.0,1420.0,0.0,0.0,0.0
378,27,CHOCÓ,27150,CARMEN DEL DARIÉN  ,0.0,0.0,0.0,0.0,0.0,0.0,0.0,0.0,0.0,0.0,0.0,0.0,0.0,125.0,0.0,0.0,0.0,0.0,1960.0,0.0,15740.0,750.0,490.0,890.0,12470.0,60.0
379,27,CHOCÓ,27425,MEDIO ATRATO ,0.0,0.0,0.0,0.0,0.0,0.0,0.0,0.0,0.0,0.0,0.0,0.0,0.0,0.0,0.0,0.0,45.3,0.0,0.0,0.0,0.0,0.0,0.0,0.0,0.0,0.0
380,27,CHOCÓ,27450,MEDIO SAN JUAN ,0.0,0.0,0.0,0.0,0.0,0.0,0.0,0.0,0.0,0.0,0.0,0.0,0.0,0.0,0.0,120.27,0.0,0.0,0.0,0.0,0.0,0.0,0.0,0.0,0.0,0.0
381,27,CHOCÓ,27580,RÍO IRÓ ,0.0,0.0,0.0,0.0,0.0,0.0,0.0,0.0,0.0,0.0,0.0,0.0,0.0,0.0,0.0,50.0,0.0,0.0,0.0,0.0,0.0,0.0,0.0,0.0,0.0,0.0
382,27,CHOCÓ,27615,RIOSUCIO,0.0,0.0,0.0,0.0,0.0,0.0,0.0,0.0,0.0,0.0,0.0,0.0,417.0,1327.0,6942.0,100.0,64.0,995.5,992.0,183.0,693.0,220.0,1275.0,715.0,5019.022,4470.0
383,27,CHOCÓ,27800,UNGUÍA,0.0,0.0,0.0,0.0,0.0,0.0,0.0,0.0,0.0,0.0,0.0,0.0,0.0,0.0,5718.5,3189.9,8703.0,160.0,0.0,0.0,860.0,13672.0,800.0,0.0,1370.3,0.0
384,52,NARIÑO,52227,CUMBAL,0.0,0.0,0.0,0.0,0.0,0.0,0.0,0.0,0.0,0.0,0.0,0.0,0.0,0.0,0.0,345.0,50.0,0.0,0.0,0.0,0.0,0.0,0.0,0.0,0.0,0.0
385,52,NARIÑO,52240,CHACHAGÍ,0.0,0.0,0.0,0.0,0.0,0.0,0.0,0.0,0.0,0.0,0.0,0.0,0.0,0.0,0.0,0.0,62.5,0.0,0.0,0.0,0.0,0.0,0.0,0.0,0.0,0.0
386,54,NORTE DE SANTANDER,54003,ÁBREGO,0.0,0.0,0.0,0.0,0.0,0.0,0.0,0.0,0.0,0.0,0.0,0.0,0.0,0.0,458.0,250.0,0.0,360.0,50.0,0.0,0.0,0.0,550.15,250.0,0.0,0.0
387,54,NORTE DE SANTANDER,54498,OCAÑA,0.0,0.0,0.0,0.0,0.0,0.0,0.0,0.0,0.0,0.0,0.0,0.0,0.0,0.0,70.0,3900.0,3863.0,3000.0,410.0,0.003,0.0,1625.0,0.0,0.0,0.0,0.0
388,68,SANTANDER,68307,GIRÓN,0.0,0.0,0.0,0.0,0.0,0.0,0.0,0.0,0.0,0.0,0.0,0.0,220.0,0.0,0.0,0.0,0.0,0.0,0.0,0.0,0.0,0.0,0.0,0.0,0.0,0.0
389,68,SANTANDER,68397,LA PAZ,0.0,0.0,0.0,0.0,0.0,0.0,0.0,0.0,0.0,0.0,0.0,0.0,0.0,2.5,1250.0,250.0,0.0,0.0,0.0,0.0,0.0,0.0,0.0,0.0,0.0,0.0
390,68,SANTANDER,68655,SABANA DE TORRES,0.0,0.0,0.0,0.0,0.0,0.0,0.0,0.0,0.0,0.0,0.0,0.0,0.0,0.0,125.0,0.0,0.0,0.0,0.0,0.0,0.0,0.0,0.0,0.0,0.0,0.0
391,68,SANTANDER,68745,SIMACOTA,0.0,0.0,0.0,0.0,0.0,0.0,0.0,0.0,0.0,0.0,0.0,0.0,0.0,0.0,335.0,0.0,0.0,0.0,275.0,0.0,0.0,0.0,0.0,0.0,0.0,0.0
392,73,TOLIMA,73449,MELGAR,0.0,0.0,0.0,0.0,0.0,0.0,0.0,0.0,0.0,0.0,0.0,0.0,0.0,35.0,0.0,0.0,0.0,0.0,0.0,0.0,0.0,0.0,0.0,0.0,0.0,0.0
393,76,VALLE DEL CAUCA,76126,CALIMA ,0.0,0.0,0.0,0.0,0.0,0.0,0.0,0.0,0.0,0.0,0.0,0.0,0.0,110.0,0.0,55.0,7500.0,0.0,0.0,0.0,0.0,0.0,830.09,0.0,0.0,0.0
394,85,CASANARE,85315,SÁCAMA,0.0,0.0,0.0,0.0,0.0,0.0,0.0,0.0,0.0,0.0,0.0,0.0,0.0,405.0,0.0,0.0,0.0,0.0,0.0,0.0,0.0,0.0,0.0,0.0,0.0,0.0
395,94,GUAINIA,94663,MAPIRIPANA ,0.0,0.0,0.0,0.0,0.0,0.0,0.0,0.0,0.0,0.0,0.0,0.0,0.0,0.0,0.0,0.0,275.0,0.0,0.0,0.0,0.0,0.0,0.0,0.0,0.0,0.0
396,05,ANTIOQUIA,05425,MACEO,0.0,0.0,0.0,0.0,0.0,0.0,0.0,0.0,0.0,0.0,0.0,0.0,0.0,0.0,0.0,0.0,0.0,0.0,20.0,0.0,0.0,25.0,0.0,0.0,0.0,0.0
397,05,ANTIOQUIA,05475,MURINDÓ,0.0,0.0,0.0,0.0,0.0,0.0,0.0,0.0,0.0,0.0,0.0,0.0,0.0,0.0,0.0,0.0,0.0,0.0,200.0,525.0,455.0,75.0,80.0,0.0,0.0,0.0
398,05,ANTIOQUIA,05615,RIONEGRO,0.0,0.0,0.0,0.0,0.0,0.0,0.0,0.0,0.0,0.0,0.0,0.0,0.0,0.0,0.0,0.0,0.0,0.0,0.0,0.045,0.0,0.0,0.0,0.0,0.0,0.0
399,13,BOLÍVAR,13549,PINILLOS,0.0,0.0,0.0,0.0,0.0,0.0,0.0,0.0,0.0,0.0,0.0,0.0,0.0,0.0,0.0,0.0,0.0,0.0,0.0,0.0,0.0,0.7,0.0,0.0,0.0,0.0
400,19,CAUCA,19300,GUACHENÉ,0.0,0.0,0.0,0.0,0.0,0.0,0.0,0.0,0.0,0.0,0.0,0.0,0.0,0.0,0.0,0.0,0.0,0.0,0.0,0.0,0.0,0.0,0.0,250.0,23.0,0.0
401,19,CAUCA,19845,VILLA RICA,0.0,0.0,0.0,0.0,0.0,0.0,0.0,0.0,0.0,0.0,0.0,0.0,0.0,0.0,0.0,0.0,0.0,0.0,0.0,0.0,0.0,1.5,0.0,0.0,0.0,0.0
402,20,CESAR,20383,LA GLORIA,0.0,0.0,0.0,0.0,0.0,0.0,0.0,0.0,0.0,0.0,0.0,0.0,0.0,0.0,0.0,0.0,0.0,0.0,0.0,0.0,0.0,0.0,0.0,3125.0,0.0,0.0
403,27,CHOCÓ,27099,BOJAYÁ ,0.0,0.0,0.0,0.0,0.0,0.0,0.0,0.0,0.0,0.0,0.0,0.0,0.0,0.0,0.0,0.0,0.0,0.0,0.0,0.0,0.0,0.0,0.0,220.0,300.3,0.0
404,41,HUILA,41660,SALADOBLANCO,0.0,0.0,0.0,0.0,0.0,0.0,0.0,0.0,0.0,0.0,0.0,0.0,0.0,0.0,0.0,0.0,0.0,0.0,0.0,0.0,190.0,0.0,0.0,0.0,0.0,0.0
405,54,NORTE DE SANTANDER,54405,LOS PATIOS,0.0,0.0,0.0,0.0,0.0,0.0,0.0,0.0,0.0,0.0,0.0,0.0,0.0,0.0,0.0,0.0,0.0,0.0,0.0,0.0,0.0,0.0,0.0,2.5,0.0,0.0
406,66,RISARALDA,66170,DOSQUEBRADAS,0.0,0.0,0.0,0.0,0.0,0.0,0.0,0.0,0.0,0.0,0.0,0.0,0.0,0.0,0.0,0.0,0.0,0.0,0.0,0.0,0.0,0.0,0.002,0.0,0.0,0.0
407,70,SUCRE,70400,LA UNIÓN,0.0,0.0,0.0,0.0,0.0,0.0,0.0,0.0,0.0,0.0,0.0,0.0,0.0,0.0,0.0,0.0,0.0,0.0,0.0,0.0,0.0,175.0,0.0,0.0,0.0,0.0
408,86,PUTUMAYO,86749,SIBUNDOY,0.0,0.0,0.0,0.0,0.0,0.0,0.0,0.0,0.0,0.0,0.0,0.0,0.0,0.0,0.0,0.0,0.0,0.0,0.0,0.0,0.0,0.0,6.0,0.0,0.0,0.0
409,86,PUTUMAYO,86760,SANTIAGO,0.0,0.0,0.0,0.0,0.0,0.0,0.0,0.0,0.0,0.0,0.0,0.0,0.0,0.0,0.0,0.0,0.0,0.0,0.0,0.0,0.0,0.0,140.0,0.0,0.0,0.0
410,91,AMAZONAS,91405,LA CHORRERA ,0.0,0.0,0.0,0.0,0.0,0.0,0.0,0.0,0.0,0.0,0.0,0.0,0.0,0.0,0.0,0.0,0.0,0.0,0.0,0.0,0.0,35.0,0.0,0.0,0.0,0.0
